역명,역ID,환승,소요시간,2002,2004,2006,2008,2010,2012,2014,2016,2018,2020,2022,2024,2026,2028,2030,2032,2034,2036,2038,2040,2042,2044,2046,2048,2050,2052,2054,2056,2058,2060,2062,2064,2066,2068,2070,2072,2074,2076,2078,2080,2082,2084,2086,2088,2090,2092,2094,2096,2098,2100,2102,2104,2106,2108,2110,2112,2114,2116,2118,2120,2122,2124,2126,2128,2130,2132,2134,2136,2138,2140,2142,2144,2146,2148,2150,2152,2154,2156,2158,2160,2162,2164,2166,2168,2170,2172,2174,2176,2178,2180,2182,2184,2186,2188,2190,2192,2194,2196,2198,2200,2202,2204,2206,2208,2210,2212,2214,2216,2218,2220,2222,2224,2226,2228,2230,2232,2234,2236,2238,2240,2242,2244,2246,2248,2250,2252,2254,2256,2258,2260,2262,2264,2266,2268,2270,2272,2274,2276,2278,2280,2282,2284,2286,2288,2290,2292,2294,2296
영남대,B29,,2,,5:30:00,5:41:00,5:52:00,6:02:00,6:12:00,6:22:00,6:32:00,6:42:00,6:52:00,7:00:00,7:08:00,7:15:00,7:21:00,7:27:00,7:33:00,7:39:00,7:44:00,7:49:00,7:54:00,7:59:00,8:04:00,8:09:00,8:14:00,8:19:00,8:24:00,8:29:00,8:34:00,8:39:00,8:44:00,8:50:00,8:56:00,9:02:00,9:09:00,9:16:00,9:23:00,9:30:00,9:37:00,9:44:00,9:51:00,9:58:00,10:05:00,10:12:00,10:20:00,10:28:00,10:36:00,10:44:00,10:52:00,11:00:00,11:08:00,11:16:00,11:24:00,11:32:00,11:40:00,11:48:00,11:56:00,12:04:00,12:12:00,12:20:00,12:28:00,12:36:00,12:44:00,12:52:00,13:00:00,13:08:00,13:16:00,13:24:00,13:32:00,13:40:00,13:48:00,13:56:00,14:04:00,14:12:00,14:20:00,14:28:00,14:36:00,14:44:00,14:52:00,15:00:00,15:08:00,15:16:00,15:24:00,15:32:00,15:40:00,15:48:00,15:56:00,16:03:00,16:10:00,16:17:00,16:24:00,16:31:00,16:38:00,16:45:00,16:52:00,16:59:00,17:05:00,17:11:00,17:16:00,17:21:00,17:26:00,17:31:00,17:36:00,17:41:00,17:46:00,17:51:00,17:56:00,18:01:00,18:06:00,18:11:00,18:16:00,18:21:00,18:26:00,18:31:00,18:36:00,18:41:00,18:47:00,18:54:00,19:01:00,19:08:00,19:15:00,19:22:00,19:30:00,19:38:00,19:46:00,19:54:00,20:02:00,20:10:00,20:18:00,20:26:00,20:34:00,20:42:00,20:50:00,20:58:00,21:06:00,21:14:00,21:22:00,21:31:00,21:40:00,21:49:00,21:58:00,22:07:00,22:16:00,22:25:00,22:35:00,22:45:00,22:55:00,23:06:00,23:18:40
임당,B28,,2,,5:32:05,5:43:05,5:54:05,6:04:05,6:14:05,6:24:05,6:34:05,6:44:05,6:54:05,7:02:05,7:10:05,7:17:05,7:23:05,7:29:05,7:35:05,7:41:05,7:46:05,7:51:05,7:56:05,8:01:05,8:06:05,8:11:05,8:16:05,8:21:05,8:26:05,8:31:05,8:36:05,8:41:05,8:46:05,8:52:05,8:58:05,9:04:05,9:11:05,9:18:05,9:25:05,9:32:05,9:39:05,9:46:05,9:53:05,10:00:05,10:07:05,10:14:05,10:22:05,10:30:05,10:38:05,10:46:05,10:54:05,11:02:05,11:10:05,11:18:05,11:26:05,11:34:05,11:42:05,11:50:05,11:58:05,12:06:05,12:14:05,12:22:05,12:30:05,12:38:05,12:46:05,12:54:05,13:02:05,13:10:05,13:18:05,13:26:05,13:34:05,13:42:05,13:50:05,13:58:05,14:06:05,14:14:05,14:22:05,14:30:05,14:38:05,14:46:05,14:54:05,15:02:05,15:10:05,15:18:05,15:26:05,15:34:05,15:42:05,15:50:05,15:58:05,16:05:05,16:12:05,16:19:05,16:26:05,16:33:05,16:40:05,16:47:05,16:54:05,17:01:05,17:07:05,17:13:05,17:18:05,17:23:05,17:28:05,17:33:05,17:38:05,17:43:05,17:48:05,17:53:05,17:58:05,18:03:05,18:08:05,18:13:05,18:18:05,18:23:05,18:28:05,18:33:05,18:38:05,18:43:05,18:49:05,18:56:05,19:03:05,19:10:05,19:17:05,19:24:05,19:32:05,19:40:05,19:48:05,19:56:05,20:04:05,20:12:05,20:20:05,20:28:05,20:36:05,20:44:05,20:52:05,21:00:05,21:08:05,21:16:05,21:24:05,21:33:05,21:42:05,21:51:05,22:00:05,22:09:05,22:18:05,22:27:05,22:37:05,22:47:05,22:57:05,23:08:05,23:20:45
정평,B27,,2,,5:34:00,5:45:00,5:56:00,6:06:00,6:16:00,6:26:00,6:36:00,6:46:00,6:56:00,7:04:00,7:12:00,7:19:00,7:25:00,7:31:00,7:37:00,7:43:00,7:48:00,7:53:00,7:58:00,8:03:00,8:08:00,8:13:00,8:18:00,8:23:00,8:28:00,8:33:00,8:38:00,8:43:00,8:48:00,8:54:00,9:00:00,9:06:00,9:13:00,9:20:00,9:27:00,9:34:00,9:41:00,9:48:00,9:55:00,10:02:00,10:09:00,10:16:00,10:24:00,10:32:00,10:40:00,10:48:00,10:56:00,11:04:00,11:12:00,11:20:00,11:28:00,11:36:00,11:44:00,11:52:00,12:00:00,12:08:00,12:16:00,12:24:00,12:32:00,12:40:00,12:48:00,12:56:00,13:04:00,13:12:00,13:20:00,13:28:00,13:36:00,13:44:00,13:52:00,14:00:00,14:08:00,14:16:00,14:24:00,14:32:00,14:40:00,14:48:00,14:56:00,15:04:00,15:12:00,15:20:00,15:28:00,15:36:00,15:44:00,15:52:00,16:00:00,16:07:00,16:14:00,16:21:00,16:28:00,16:35:00,16:42:00,16:49:00,16:56:00,17:03:00,17:09:00,17:15:00,17:20:00,17:25:00,17:30:00,17:35:00,17:40:00,17:45:00,17:50:00,17:55:00,18:00:00,18:05:00,18:10:00,18:15:00,18:20:00,18:25:00,18:30:00,18:35:00,18:40:00,18:45:00,18:51:00,18:58:00,19:05:00,19:12:00,19:19:00,19:26:00,19:34:00,19:42:00,19:50:00,19:58:00,20:06:00,20:14:00,20:22:00,20:30:00,20:38:00,20:46:00,20:54:00,21:02:00,21:10:00,21:18:00,21:26:00,21:35:00,21:44:00,21:53:00,22:02:00,22:11:00,22:20:00,22:29:00,22:39:00,22:49:00,22:59:00,23:10:00,23:22:40
사월,B26,,2,,5:36:00,5:47:00,5:58:00,6:08:00,6:18:00,6:28:00,6:38:00,6:48:00,6:58:00,7:06:00,7:14:00,7:21:00,7:27:00,7:33:00,7:39:00,7:45:00,7:50:00,7:55:00,8:00:00,8:05:00,8:10:00,8:15:00,8:20:00,8:25:00,8:30:00,8:35:00,8:40:00,8:45:00,8:50:00,8:56:00,9:02:00,9:08:00,9:15:00,9:22:00,9:29:00,9:36:00,9:43:00,9:50:00,9:57:00,10:04:00,10:11:00,10:18:00,10:26:00,10:34:00,10:42:00,10:50:00,10:58:00,11:06:00,11:14:00,11:22:00,11:30:00,11:38:00,11:46:00,11:54:00,12:02:00,12:10:00,12:18:00,12:26:00,12:34:00,12:42:00,12:50:00,12:58:00,13:06:00,13:14:00,13:22:00,13:30:00,13:38:00,13:46:00,13:54:00,14:02:00,14:10:00,14:18:00,14:26:00,14:34:00,14:42:00,14:50:00,14:58:00,15:06:00,15:14:00,15:22:00,15:30:00,15:38:00,15:46:00,15:54:00,16:02:00,16:09:00,16:16:00,16:23:00,16:30:00,16:37:00,16:44:00,16:51:00,16:58:00,17:05:00,17:11:00,17:17:00,17:22:00,17:27:00,17:32:00,17:37:00,17:42:00,17:47:00,17:52:00,17:57:00,18:02:00,18:07:00,18:12:00,18:17:00,18:22:00,18:27:00,18:32:00,18:37:00,18:42:00,18:47:00,18:53:00,19:00:00,19:07:00,19:14:00,19:21:00,19:28:00,19:36:00,19:44:00,19:52:00,20:00:00,20:08:00,20:16:00,20:24:00,20:32:00,20:40:00,20:48:00,20:56:00,21:04:00,21:12:00,21:20:00,21:28:00,21:37:00,21:46:00,21:55:00,22:04:00,22:13:00,22:22:00,22:31:00,22:41:00,22:51:00,23:01:00,23:12:00,23:24:40
신매,B25,,2,,5:37:55,5:48:55,5:59:55,6:09:55,6:19:55,6:29:55,6:39:55,6:49:55,6:59:55,7:07:55,7:15:55,7:22:55,7:28:55,7:34:55,7:40:55,7:46:55,7:51:55,7:56:55,8:01:55,8:06:55,8:11:55,8:16:55,8:21:55,8:26:55,8:31:55,8:36:55,8:41:55,8:46:55,8:51:55,8:57:55,9:03:55,9:09:55,9:16:55,9:23:55,9:30:55,9:37:55,9:44:55,9:51:55,9:58:55,10:05:55,10:12:55,10:19:55,10:27:55,10:35:55,10:43:55,10:51:55,10:59:55,11:07:55,11:15:55,11:23:55,11:31:55,11:39:55,11:47:55,11:55:55,12:03:55,12:11:55,12:19:55,12:27:55,12:35:55,12:43:55,12:51:55,12:59:55,13:07:55,13:15:55,13:23:55,13:31:55,13:39:55,13:47:55,13:55:55,14:03:55,14:11:55,14:19:55,14:27:55,14:35:55,14:43:55,14:51:55,14:59:55,15:07:55,15:15:55,15:23:55,15:31:55,15:39:55,15:47:55,15:55:55,16:03:55,16:10:55,16:17:55,16:24:55,16:31:55,16:38:55,16:45:55,16:52:55,16:59:55,17:06:55,17:12:55,17:18:55,17:23:55,17:28:55,17:33:55,17:38:55,17:43:55,17:48:55,17:53:55,17:58:55,18:03:55,18:08:55,18:13:55,18:18:55,18:23:55,18:28:55,18:33:55,18:38:55,18:43:55,18:48:55,18:54:55,19:01:55,19:08:55,19:15:55,19:22:55,19:29:55,19:37:55,19:45:55,19:53:55,20:01:55,20:09:55,20:17:55,20:25:55,20:33:55,20:41:55,20:49:55,20:57:55,21:05:55,21:13:55,21:21:55,21:29:55,21:38:55,21:47:55,21:56:55,22:05:55,22:14:55,22:23:55,22:32:55,22:42:55,22:52:55,23:02:55,23:13:55,23:26:35
고산,B24,,2,,5:39:50,5:50:50,6:01:50,6:11:50,6:21:50,6:31:50,6:41:50,6:51:50,7:01:50,7:09:50,7:17:50,7:24:50,7:30:50,7:36:50,7:42:50,7:48:50,7:53:50,7:58:50,8:03:50,8:08:50,8:13:50,8:18:50,8:23:50,8:28:50,8:33:50,8:38:50,8:43:50,8:48:50,8:53:50,8:59:50,9:05:50,9:11:50,9:18:50,9:25:50,9:32:50,9:39:50,9:46:50,9:53:50,10:00:50,10:07:50,10:14:50,10:21:50,10:29:50,10:37:50,10:45:50,10:53:50,11:01:50,11:09:50,11:17:50,11:25:50,11:33:50,11:41:50,11:49:50,11:57:50,12:05:50,12:13:50,12:21:50,12:29:50,12:37:50,12:45:50,12:53:50,13:01:50,13:09:50,13:17:50,13:25:50,13:33:50,13:41:50,13:49:50,13:57:50,14:05:50,14:13:50,14:21:50,14:29:50,14:37:50,14:45:50,14:53:50,15:01:50,15:09:50,15:17:50,15:25:50,15:33:50,15:41:50,15:49:50,15:57:50,16:05:50,16:12:50,16:19:50,16:26:50,16:33:50,16:40:50,16:47:50,16:54:50,17:01:50,17:08:50,17:14:50,17:20:50,17:25:50,17:30:50,17:35:50,17:40:50,17:45:50,17:50:50,17:55:50,18:00:50,18:05:50,18:10:50,18:15:50,18:20:50,18:25:50,18:30:50,18:35:50,18:40:50,18:45:50,18:50:50,18:56:50,19:03:50,19:10:50,19:17:50,19:24:50,19:31:50,19:39:50,19:47:50,19:55:50,20:03:50,20:11:50,20:19:50,20:27:50,20:35:50,20:43:50,20:51:50,20:59:50,21:07:50,21:15:50,21:23:50,21:31:50,21:40:50,21:49:50,21:58:50,22:07:50,22:16:50,22:25:50,22:34:50,22:44:50,22:54:50,23:04:50,23:15:50,23:28:30
수성알파시티,B23,,2,,5:41:55,5:52:55,6:03:55,6:13:55,6:23:55,6:33:55,6:43:55,6:53:55,7:03:55,7:11:55,7:19:55,7:26:55,7:32:55,7:38:55,7:44:55,7:50:55,7:55:55,8:00:55,8:05:55,8:10:55,8:15:55,8:20:55,8:25:55,8:30:55,8:35:55,8:40:55,8:45:55,8:50:55,8:55:55,9:01:55,9:07:55,9:13:55,9:20:55,9:27:55,9:34:55,9:41:55,9:48:55,9:55:55,10:02:55,10:09:55,10:16:55,10:23:55,10:31:55,10:39:55,10:47:55,10:55:55,11:03:55,11:11:55,11:19:55,11:27:55,11:35:55,11:43:55,11:51:55,11:59:55,12:07:55,12:15:55,12:23:55,12:31:55,12:39:55,12:47:55,12:55:55,13:03:55,13:11:55,13:19:55,13:27:55,13:35:55,13:43:55,13:51:55,13:59:55,14:07:55,14:15:55,14:23:55,14:31:55,14:39:55,14:47:55,14:55:55,15:03:55,15:11:55,15:19:55,15:27:55,15:35:55,15:43:55,15:51:55,15:59:55,16:07:55,16:14:55,16:21:55,16:28:55,16:35:55,16:42:55,16:49:55,16:56:55,17:03:55,17:10:55,17:16:55,17:22:55,17:27:55,17:32:55,17:37:55,17:42:55,17:47:55,17:52:55,17:57:55,18:02:55,18:07:55,18:12:55,18:17:55,18:22:55,18:27:55,18:32:55,18:37:55,18:42:55,18:47:55,18:52:55,18:58:55,19:05:55,19:12:55,19:19:55,19:26:55,19:33:55,19:41:55,19:49:55,19:57:55,20:05:55,20:13:55,20:21:55,20:29:55,20:37:55,20:45:55,20:53:55,21:01:55,21:09:55,21:17:55,21:25:55,21:33:55,21:42:55,21:51:55,22:00:55,22:09:55,22:18:55,22:27:55,22:36:55,22:46:55,22:56:55,23:06:55,23:17:55,23:30:35
연호,B22,,3,,5:43:40,5:54:40,6:05:40,6:15:40,6:25:40,6:35:40,6:45:40,6:55:40,7:05:40,7:13:40,7:21:40,7:28:40,7:34:40,7:40:40,7:46:40,7:52:40,7:57:40,8:02:40,8:07:40,8:12:40,8:17:40,8:22:40,8:27:40,8:32:40,8:37:40,8:42:40,8:47:40,8:52:40,8:57:40,9:03:40,9:09:40,9:15:40,9:22:40,9:29:40,9:36:40,9:43:40,9:50:40,9:57:40,10:04:40,10:11:40,10:18:40,10:25:40,10:33:40,10:41:40,10:49:40,10:57:40,11:05:40,11:13:40,11:21:40,11:29:40,11:37:40,11:45:40,11:53:40,12:01:40,12:09:40,12:17:40,12:25:40,12:33:40,12:41:40,12:49:40,12:57:40,13:05:40,13:13:40,13:21:40,13:29:40,13:37:40,13:45:40,13:53:40,14:01:40,14:09:40,14:17:40,14:25:40,14:33:40,14:41:40,14:49:40,14:57:40,15:05:40,15:13:40,15:21:40,15:29:40,15:37:40,15:45:40,15:53:40,16:01:40,16:09:40,16:16:40,16:23:40,16:30:40,16:37:40,16:44:40,16:51:40,16:58:40,17:05:40,17:12:40,17:18:40,17:24:40,17:29:40,17:34:40,17:39:40,17:44:40,17:49:40,17:54:40,17:59:40,18:04:40,18:09:40,18:14:40,18:19:40,18:24:40,18:29:40,18:34:40,18:39:40,18:44:40,18:49:40,18:54:40,19:00:40,19:07:40,19:14:40,19:21:40,19:28:40,19:35:40,19:43:40,19:51:40,19:59:40,20:07:40,20:15:40,20:23:40,20:31:40,20:39:40,20:47:40,20:55:40,21:03:40,21:11:40,21:19:40,21:27:40,21:35:40,21:44:40,21:53:40,22:02:40,22:11:40,22:20:40,22:29:40,22:38:40,22:48:40,22:58:40,23:08:40,23:19:40,23:32:20
담티,B21,,2,,5:46:10,5:57:10,6:08:10,6:18:10,6:28:10,6:38:10,6:48:10,6:58:10,7:08:10,7:16:10,7:24:10,7:31:10,7:37:10,7:43:10,7:49:10,7:55:10,8:00:10,8:05:10,8:10:10,8:15:10,8:20:10,8:25:10,8:30:10,8:35:10,8:40:10,8:45:10,8:50:10,8:55:10,9:00:10,9:06:10,9:12:10,9:18:10,9:25:10,9:32:10,9:39:10,9:46:10,9:53:10,10:00:10,10:07:10,10:14:10,10:21:10,10:28:10,10:36:10,10:44:10,10:52:10,11:00:10,11:08:10,11:16:10,11:24:10,11:32:10,11:40:10,11:48:10,11:56:10,12:04:10,12:12:10,12:20:10,12:28:10,12:36:10,12:44:10,12:52:10,13:00:10,13:08:10,13:16:10,13:24:10,13:32:10,13:40:10,13:48:10,13:56:10,14:04:10,14:12:10,14:20:10,14:28:10,14:36:10,14:44:10,14:52:10,15:00:10,15:08:10,15:16:10,15:24:10,15:32:10,15:40:10,15:48:10,15:56:10,16:04:10,16:12:10,16:19:10,16:26:10,16:33:10,16:40:10,16:47:10,16:54:10,17:01:10,17:08:10,17:15:10,17:21:10,17:27:10,17:32:10,17:37:10,17:42:10,17:47:10,17:52:10,17:57:10,18:02:10,18:07:10,18:12:10,18:17:10,18:22:10,18:27:10,18:32:10,18:37:10,18:42:10,18:47:10,18:52:10,18:57:10,19:03:10,19:10:10,19:17:10,19:24:10,19:31:10,19:38:10,19:46:10,19:54:10,20:02:10,20:10:10,20:18:10,20:26:10,20:34:10,20:42:10,20:50:10,20:58:10,21:06:10,21:14:10,21:22:10,21:30:10,21:38:10,21:47:10,21:56:10,22:05:10,22:14:10,22:23:10,22:32:10,22:41:10,22:51:10,23:01:10,23:11:10,23:22:10,23:34:50
만촌,B20,,2,,5:48:00,5:59:00,6:10:00,6:20:00,6:30:00,6:40:00,6:50:00,7:00:00,7:10:00,7:18:00,7:26:00,7:33:00,7:39:00,7:45:00,7:51:00,7:57:00,8:02:00,8:07:00,8:12:00,8:17:00,8:22:00,8:27:00,8:32:00,8:37:00,8:42:00,8:47:00,8:52:00,8:57:00,9:02:00,9:08:00,9:14:00,9:20:00,9:27:00,9:34:00,9:41:00,9:48:00,9:55:00,10:02:00,10:09:00,10:16:00,10:23:00,10:30:00,10:38:00,10:46:00,10:54:00,11:02:00,11:10:00,11:18:00,11:26:00,11:34:00,11:42:00,11:50:00,11:58:00,12:06:00,12:14:00,12:22:00,12:30:00,12:38:00,12:46:00,12:54:00,13:02:00,13:10:00,13:18:00,13:26:00,13:34:00,13:42:00,13:50:00,13:58:00,14:06:00,14:14:00,14:22:00,14:30:00,14:38:00,14:46:00,14:54:00,15:02:00,15:10:00,15:18:00,15:26:00,15:34:00,15:42:00,15:50:00,15:58:00,16:06:00,16:14:00,16:21:00,16:28:00,16:35:00,16:42:00,16:49:00,16:56:00,17:03:00,17:10:00,17:17:00,17:23:00,17:29:00,17:34:00,17:39:00,17:44:00,17:49:00,17:54:00,17:59:00,18:04:00,18:09:00,18:14:00,18:19:00,18:24:00,18:29:00,18:34:00,18:39:00,18:44:00,18:49:00,18:54:00,18:59:00,19:05:00,19:12:00,19:19:00,19:26:00,19:33:00,19:40:00,19:48:00,19:56:00,20:04:00,20:12:00,20:20:00,20:28:00,20:36:00,20:44:00,20:52:00,21:00:00,21:08:00,21:16:00,21:24:00,21:32:00,21:40:00,21:49:00,21:58:00,22:07:00,22:16:00,22:25:00,22:34:00,22:43:00,22:53:00,23:03:00,23:13:00,23:24:00,23:36:40
수성구청,B19,,2,5:35:00,5:49:45,6:00:45,6:11:45,6:21:45,6:31:45,6:41:45,6:51:45,7:01:45,7:11:45,7:19:45,7:27:45,7:34:45,7:40:45,7:46:45,7:52:45,7:58:45,8:03:45,8:08:45,8:13:45,8:18:45,8:23:45,8:28:45,8:33:45,8:38:45,8:43:45,8:48:45,8:53:45,8:58:45,9:03:45,9:09:45,9:15:45,9:21:45,9:28:45,9:35:45,9:42:45,9:49:45,9:56:45,10:03:45,10:10:45,10:17:45,10:24:45,10:31:45,10:39:45,10:47:45,10:55:45,11:03:45,11:11:45,11:19:45,11:27:45,11:35:45,11:43:45,11:51:45,11:59:45,12:07:45,12:15:45,12:23:45,12:31:45,12:39:45,12:47:45,12:55:45,13:03:45,13:11:45,13:19:45,13:27:45,13:35:45,13:43:45,13:51:45,13:59:45,14:07:45,14:15:45,14:23:45,14:31:45,14:39:45,14:47:45,14:55:45,15:03:45,15:11:45,15:19:45,15:27:45,15:35:45,15:43:45,15:51:45,15:59:45,16:07:45,16:15:45,16:22:45,16:29:45,16:36:45,16:43:45,16:50:45,16:57:45,17:04:45,17:11:45,17:18:45,17:24:45,17:30:45,17:35:45,17:40:45,17:45:45,17:50:45,17:55:45,18:00:45,18:05:45,18:10:45,18:15:45,18:20:45,18:25:45,18:30:45,18:35:45,18:40:45,18:45:45,18:50:45,18:55:45,19:00:45,19:06:45,19:13:45,19:20:45,19:27:45,19:34:45,19:41:45,19:49:45,19:57:45,20:05:45,20:13:45,20:21:45,20:29:45,20:37:45,20:45:45,20:53:45,21:01:45,21:09:45,21:17:45,21:25:45,21:33:45,21:41:45,21:50:45,21:59:45,22:08:45,22:17:45,22:26:45,22:35:45,22:44:45,22:54:45,23:04:45,23:14:45,23:25:45,23:38:25
범어,B18,,2,5:36:45,5:51:30,6:02:30,6:13:30,6:23:30,6:33:30,6:43:30,6:53:30,7:03:30,7:13:30,7:21:30,7:29:30,7:36:30,7:42:30,7:48:30,7:54:30,8:00:30,8:05:30,8:10:30,8:15:30,8:20:30,8:25:30,8:30:30,8:35:30,8:40:30,8:45:30,8:50:30,8:55:30,9:00:30,9:05:30,9:11:30,9:17:30,9:23:30,9:30:30,9:37:30,9:44:30,9:51:30,9:58:30,10:05:30,10:12:30,10:19:30,10:26:30,10:33:30,10:41:30,10:49:30,10:57:30,11:05:30,11:13:30,11:21:30,11:29:30,11:37:30,11:45:30,11:53:30,12:01:30,12:09:30,12:17:30,12:25:30,12:33:30,12:41:30,12:49:30,12:57:30,13:05:30,13:13:30,13:21:30,13:29:30,13:37:30,13:45:30,13:53:30,14:01:30,14:09:30,14:17:30,14:25:30,14:33:30,14:41:30,14:49:30,14:57:30,15:05:30,15:13:30,15:21:30,15:29:30,15:37:30,15:45:30,15:53:30,16:01:30,16:09:30,16:17:30,16:24:30,16:31:30,16:38:30,16:45:30,16:52:30,16:59:30,17:06:30,17:13:30,17:20:30,17:26:30,17:32:30,17:37:30,17:42:30,17:47:30,17:52:30,17:57:30,18:02:30,18:07:30,18:12:30,18:17:30,18:22:30,18:27:30,18:32:30,18:37:30,18:42:30,18:47:30,18:52:30,18:57:30,19:02:30,19:08:30,19:15:30,19:22:30,19:29:30,19:36:30,19:43:30,19:51:30,19:59:30,20:07:30,20:15:30,20:23:30,20:31:30,20:39:30,20:47:30,20:55:30,21:03:30,21:11:30,21:19:30,21:27:30,21:35:30,21:43:30,21:52:30,22:01:30,22:10:30,22:19:30,22:28:30,22:37:30,22:46:30,22:56:30,23:06:30,23:16:30,23:27:30,23:40:10
대구은행,B17,,2,5:38:35,5:53:20,6:04:20,6:15:20,6:25:20,6:35:20,6:45:20,6:55:20,7:05:20,7:15:20,7:23:20,7:31:20,7:38:20,7:44:20,7:50:20,7:56:20,8:02:20,8:07:20,8:12:20,8:17:20,8:22:20,8:27:20,8:32:20,8:37:20,8:42:20,8:47:20,8:52:20,8:57:20,9:02:20,9:07:20,9:13:20,9:19:20,9:25:20,9:32:20,9:39:20,9:46:20,9:53:20,10:00:20,10:07:20,10:14:20,10:21:20,10:28:20,10:35:20,10:43:20,10:51:20,10:59:20,11:07:20,11:15:20,11:23:20,11:31:20,11:39:20,11:47:20,11:55:20,12:03:20,12:11:20,12:19:20,12:27:20,12:35:20,12:43:20,12:51:20,12:59:20,13:07:20,13:15:20,13:23:20,13:31:20,13:39:20,13:47:20,13:55:20,14:03:20,14:11:20,14:19:20,14:27:20,14:35:20,14:43:20,14:51:20,14:59:20,15:07:20,15:15:20,15:23:20,15:31:20,15:39:20,15:47:20,15:55:20,16:03:20,16:11:20,16:19:20,16:26:20,16:33:20,16:40:20,16:47:20,16:54:20,17:01:20,17:08:20,17:15:20,17:22:20,17:28:20,17:34:20,17:39:20,17:44:20,17:49:20,17:54:20,17:59:20,18:04:20,18:09:20,18:14:20,18:19:20,18:24:20,18:29:20,18:34:20,18:39:20,18:44:20,18:49:20,18:54:20,18:59:20,19:04:20,19:10:20,19:17:20,19:24:20,19:31:20,19:38:20,19:45:20,19:53:20,20:01:20,20:09:20,20:17:20,20:25:20,20:33:20,20:41:20,20:49:20,20:57:20,21:05:20,21:13:20,21:21:20,21:29:20,21:37:20,21:45:20,21:54:20,22:03:20,22:12:20,22:21:20,22:30:20,22:39:20,22:48:20,22:58:20,23:08:20,23:18:20,23:29:20,23:42:00
경대병원,B16,,2,5:40:40,5:55:25,6:06:25,6:17:25,6:27:25,6:37:25,6:47:25,6:57:25,7:07:25,7:17:25,7:25:25,7:33:25,7:40:25,7:46:25,7:52:25,7:58:25,8:04:25,8:09:25,8:14:25,8:19:25,8:24:25,8:29:25,8:34:25,8:39:25,8:44:25,8:49:25,8:54:25,8:59:25,9:04:25,9:09:25,9:15:25,9:21:25,9:27:25,9:34:25,9:41:25,9:48:25,9:55:25,10:02:25,10:09:25,10:16:25,10:23:25,10:30:25,10:37:25,10:45:25,10:53:25,11:01:25,11:09:25,11:17:25,11:25:25,11:33:25,11:41:25,11:49:25,11:57:25,12:05:25,12:13:25,12:21:25,12:29:25,12:37:25,12:45:25,12:53:25,13:01:25,13:09:25,13:17:25,13:25:25,13:33:25,13:41:25,13:49:25,13:57:25,14:05:25,14:13:25,14:21:25,14:29:25,14:37:25,14:45:25,14:53:25,15:01:25,15:09:25,15:17:25,15:25:25,15:33:25,15:41:25,15:49:25,15:57:25,16:05:25,16:13:25,16:21:25,16:28:25,16:35:25,16:42:25,16:49:25,16:56:25,17:03:25,17:10:25,17:17:25,17:24:25,17:30:25,17:36:25,17:41:25,17:46:25,17:51:25,17:56:25,18:01:25,18:06:25,18:11:25,18:16:25,18:21:25,18:26:25,18:31:25,18:36:25,18:41:25,18:46:25,18:51:25,18:56:25,19:01:25,19:06:25,19:12:25,19:19:25,19:26:25,19:33:25,19:40:25,19:47:25,19:55:25,20:03:25,20:11:25,20:19:25,20:27:25,20:35:25,20:43:25,20:51:25,20:59:25,21:07:25,21:15:25,21:23:25,21:31:25,21:39:25,21:47:25,21:56:25,22:05:25,22:14:25,22:23:25,22:32:25,22:41:25,22:50:25,23:00:25,23:10:25,23:20:25,23:31:25,23:44:05
반월당,B15,A16,2,5:42:30,5:57:15,6:08:15,6:19:15,6:29:15,6:39:15,6:49:15,6:59:15,7:09:15,7:19:15,7:27:15,7:35:15,7:42:15,7:48:15,7:54:15,8:00:15,8:06:15,8:11:15,8:16:15,8:21:15,8:26:15,8:31:15,8:36:15,8:41:15,8:46:15,8:51:15,8:56:15,9:01:15,9:06:15,9:11:15,9:17:15,9:23:15,9:29:15,9:36:15,9:43:15,9:50:15,9:57:15,10:04:15,10:11:15,10:18:15,10:25:15,10:32:15,10:39:15,10:47:15,10:55:15,11:03:15,11:11:15,11:19:15,11:27:15,11:35:15,11:43:15,11:51:15,11:59:15,12:07:15,12:15:15,12:23:15,12:31:15,12:39:15,12:47:15,12:55:15,13:03:15,13:11:15,13:19:15,13:27:15,13:35:15,13:43:15,13:51:15,13:59:15,14:07:15,14:15:15,14:23:15,14:31:15,14:39:15,14:47:15,14:55:15,15:03:15,15:11:15,15:19:15,15:27:15,15:35:15,15:43:15,15:51:15,15:59:15,16:07:15,16:15:15,16:23:15,16:30:15,16:37:15,16:44:15,16:51:15,16:58:15,17:05:15,17:12:15,17:19:15,17:26:15,17:32:15,17:38:15,17:43:15,17:48:15,17:53:15,17:58:15,18:03:15,18:08:15,18:13:15,18:18:15,18:23:15,18:28:15,18:33:15,18:38:15,18:43:15,18:48:15,18:53:15,18:58:15,19:03:15,19:08:15,19:14:15,19:21:15,19:28:15,19:35:15,19:42:15,19:49:15,19:57:15,20:05:15,20:13:15,20:21:15,20:29:15,20:37:15,20:45:15,20:53:15,21:01:15,21:09:15,21:17:15,21:25:15,21:33:15,21:41:15,21:49:15,21:58:15,22:07:15,22:16:15,22:25:15,22:34:15,22:43:15,22:52:15,23:02:15,23:12:15,23:22:15,23:33:15,23:45:55
청라언덕,B14,C18,2,5:44:25,5:59:10,6:10:10,6:21:10,6:31:10,6:41:10,6:51:10,7:01:10,7:11:10,7:21:10,7:29:10,7:37:10,7:44:10,7:50:10,7:56:10,8:02:10,8:08:10,8:13:10,8:18:10,8:23:10,8:28:10,8:33:10,8:38:10,8:43:10,8:48:10,8:53:10,8:58:10,9:03:10,9:08:10,9:13:10,9:19:10,9:25:10,9:31:10,9:38:10,9:45:10,9:52:10,9:59:10,10:06:10,10:13:10,10:20:10,10:27:10,10:34:10,10:41:10,10:49:10,10:57:10,11:05:10,11:13:10,11:21:10,11:29:10,11:37:10,11:45:10,11:53:10,12:01:10,12:09:10,12:17:10,12:25:10,12:33:10,12:41:10,12:49:10,12:57:10,13:05:10,13:13:10,13:21:10,13:29:10,13:37:10,13:45:10,13:53:10,14:01:10,14:09:10,14:17:10,14:25:10,14:33:10,14:41:10,14:49:10,14:57:10,15:05:10,15:13:10,15:21:10,15:29:10,15:37:10,15:45:10,15:53:10,16:01:10,16:09:10,16:17:10,16:25:10,16:32:10,16:39:10,16:46:10,16:53:10,17:00:10,17:07:10,17:14:10,17:21:10,17:28:10,17:34:10,17:40:10,17:45:10,17:50:10,17:55:10,18:00:10,18:05:10,18:10:10,18:15:10,18:20:10,18:25:10,18:30:10,18:35:10,18:40:10,18:45:10,18:50:10,18:55:10,19:00:10,19:05:10,19:10:10,19:16:10,19:23:10,19:30:10,19:37:10,19:44:10,19:51:10,19:59:10,20:07:10,20:15:10,20:23:10,20:31:10,20:39:10,20:47:10,20:55:10,21:03:10,21:11:10,21:19:10,21:27:10,21:35:10,21:43:10,21:51:10,22:00:10,22:09:10,22:18:10,22:27:10,22:36:10,22:45:10,22:54:10,23:04:10,23:14:10,23:24:10,23:35:10,23:47:50
반고개,B13,,2,5:46:10,6:00:55,6:11:55,6:22:55,6:32:55,6:42:55,6:52:55,7:02:55,7:12:55,7:22:55,7:30:55,7:38:55,7:45:55,7:51:55,7:57:55,8:03:55,8:09:55,8:14:55,8:19:55,8:24:55,8:29:55,8:34:55,8:39:55,8:44:55,8:49:55,8:54:55,8:59:55,9:04:55,9:09:55,9:14:55,9:20:55,9:26:55,9:32:55,9:39:55,9:46:55,9:53:55,10:00:55,10:07:55,10:14:55,10:21:55,10:28:55,10:35:55,10:42:55,10:50:55,10:58:55,11:06:55,11:14:55,11:22:55,11:30:55,11:38:55,11:46:55,11:54:55,12:02:55,12:10:55,12:18:55,12:26:55,12:34:55,12:42:55,12:50:55,12:58:55,13:06:55,13:14:55,13:22:55,13:30:55,13:38:55,13:46:55,13:54:55,14:02:55,14:10:55,14:18:55,14:26:55,14:34:55,14:42:55,14:50:55,14:58:55,15:06:55,15:14:55,15:22:55,15:30:55,15:38:55,15:46:55,15:54:55,16:02:55,16:10:55,16:18:55,16:26:55,16:33:55,16:40:55,16:47:55,16:54:55,17:01:55,17:08:55,17:15:55,17:22:55,17:29:55,17:35:55,17:41:55,17:46:55,17:51:55,17:56:55,18:01:55,18:06:55,18:11:55,18:16:55,18:21:55,18:26:55,18:31:55,18:36:55,18:41:55,18:46:55,18:51:55,18:56:55,19:01:55,19:06:55,19:11:55,19:17:55,19:24:55,19:31:55,19:38:55,19:45:55,19:52:55,20:00:55,20:08:55,20:16:55,20:24:55,20:32:55,20:40:55,20:48:55,20:56:55,21:04:55,21:12:55,21:20:55,21:28:55,21:36:55,21:44:55,21:52:55,22:01:55,22:10:55,22:19:55,22:28:55,22:37:55,22:46:55,22:55:55,23:05:55,23:15:55,23:25:55,23:36:55,23:49:35
내당,B12,,2,5:47:50,6:02:35,6:13:35,6:24:35,6:34:35,6:44:35,6:54:35,7:04:35,7:14:35,7:24:35,7:32:35,7:40:35,7:47:35,7:53:35,7:59:35,8:05:35,8:11:35,8:16:35,8:21:35,8:26:35,8:31:35,8:36:35,8:41:35,8:46:35,8:51:35,8:56:35,9:01:35,9:06:35,9:11:35,9:16:35,9:22:35,9:28:35,9:34:35,9:41:35,9:48:35,9:55:35,10:02:35,10:09:35,10:16:35,10:23:35,10:30:35,10:37:35,10:44:35,10:52:35,11:00:35,11:08:35,11:16:35,11:24:35,11:32:35,11:40:35,11:48:35,11:56:35,12:04:35,12:12:35,12:20:35,12:28:35,12:36:35,12:44:35,12:52:35,13:00:35,13:08:35,13:16:35,13:24:35,13:32:35,13:40:35,13:48:35,13:56:35,14:04:35,14:12:35,14:20:35,14:28:35,14:36:35,14:44:35,14:52:35,15:00:35,15:08:35,15:16:35,15:24:35,15:32:35,15:40:35,15:48:35,15:56:35,16:04:35,16:12:35,16:20:35,16:28:35,16:35:35,16:42:35,16:49:35,16:56:35,17:03:35,17:10:35,17:17:35,17:24:35,17:31:35,17:37:35,17:43:35,17:48:35,17:53:35,17:58:35,18:03:35,18:08:35,18:13:35,18:18:35,18:23:35,18:28:35,18:33:35,18:38:35,18:43:35,18:48:35,18:53:35,18:58:35,19:03:35,19:08:35,19:13:35,19:19:35,19:26:35,19:33:35,19:40:35,19:47:35,19:54:35,20:02:35,20:10:35,20:18:35,20:26:35,20:34:35,20:42:35,20:50:35,20:58:35,21:06:35,21:14:35,21:22:35,21:30:35,21:38:35,21:46:35,21:54:35,22:03:35,22:12:35,22:21:35,22:30:35,22:39:35,22:48:35,22:57:35,23:07:35,23:17:35,23:27:35,23:38:35,23:51:15
두류,B11,,2,5:49:30,6:04:15,6:15:15,6:26:15,6:36:15,6:46:15,6:56:15,7:06:15,7:16:15,7:26:15,7:34:15,7:42:15,7:49:15,7:55:15,8:01:15,8:07:15,8:13:15,8:18:15,8:23:15,8:28:15,8:33:15,8:38:15,8:43:15,8:48:15,8:53:15,8:58:15,9:03:15,9:08:15,9:13:15,9:18:15,9:24:15,9:30:15,9:36:15,9:43:15,9:50:15,9:57:15,10:04:15,10:11:15,10:18:15,10:25:15,10:32:15,10:39:15,10:46:15,10:54:15,11:02:15,11:10:15,11:18:15,11:26:15,11:34:15,11:42:15,11:50:15,11:58:15,12:06:15,12:14:15,12:22:15,12:30:15,12:38:15,12:46:15,12:54:15,13:02:15,13:10:15,13:18:15,13:26:15,13:34:15,13:42:15,13:50:15,13:58:15,14:06:15,14:14:15,14:22:15,14:30:15,14:38:15,14:46:15,14:54:15,15:02:15,15:10:15,15:18:15,15:26:15,15:34:15,15:42:15,15:50:15,15:58:15,16:06:15,16:14:15,16:22:15,16:30:15,16:37:15,16:44:15,16:51:15,16:58:15,17:05:15,17:12:15,17:19:15,17:26:15,17:33:15,17:39:15,17:45:15,17:50:15,17:55:15,18:00:15,18:05:15,18:10:15,18:15:15,18:20:15,18:25:15,18:30:15,18:35:15,18:40:15,18:45:15,18:50:15,18:55:15,19:00:15,19:05:15,19:10:15,19:15:15,19:21:15,19:28:15,19:35:15,19:42:15,19:49:15,19:56:15,20:04:15,20:12:15,20:20:15,20:28:15,20:36:15,20:44:15,20:52:15,21:00:15,21:08:15,21:16:15,21:24:15,21:32:15,21:40:15,21:48:15,21:56:15,22:05:15,22:14:15,22:23:15,22:32:15,22:41:15,22:50:15,22:59:15,23:09:15,23:19:15,23:29:15,23:40:15,23:52:55
감삼,B10,,2,5:51:15,6:06:00,6:17:00,6:28:00,6:38:00,6:48:00,6:58:00,7:08:00,7:18:00,7:28:00,7:36:00,7:44:00,7:51:00,7:57:00,8:03:00,8:09:00,8:15:00,8:20:00,8:25:00,8:30:00,8:35:00,8:40:00,8:45:00,8:50:00,8:55:00,9:00:00,9:05:00,9:10:00,9:15:00,9:20:00,9:26:00,9:32:00,9:38:00,9:45:00,9:52:00,9:59:00,10:06:00,10:13:00,10:20:00,10:27:00,10:34:00,10:41:00,10:48:00,10:56:00,11:04:00,11:12:00,11:20:00,11:28:00,11:36:00,11:44:00,11:52:00,12:00:00,12:08:00,12:16:00,12:24:00,12:32:00,12:40:00,12:48:00,12:56:00,13:04:00,13:12:00,13:20:00,13:28:00,13:36:00,13:44:00,13:52:00,14:00:00,14:08:00,14:16:00,14:24:00,14:32:00,14:40:00,14:48:00,14:56:00,15:04:00,15:12:00,15:20:00,15:28:00,15:36:00,15:44:00,15:52:00,16:00:00,16:08:00,16:16:00,16:24:00,16:32:00,16:39:00,16:46:00,16:53:00,17:00:00,17:07:00,17:14:00,17:21:00,17:28:00,17:35:00,17:41:00,17:47:00,17:52:00,17:57:00,18:02:00,18:07:00,18:12:00,18:17:00,18:22:00,18:27:00,18:32:00,18:37:00,18:42:00,18:47:00,18:52:00,18:57:00,19:02:00,19:07:00,19:12:00,19:17:00,19:23:00,19:30:00,19:37:00,19:44:00,19:51:00,19:58:00,20:06:00,20:14:00,20:22:00,20:30:00,20:38:00,20:46:00,20:54:00,21:02:00,21:10:00,21:18:00,21:26:00,21:34:00,21:42:00,21:50:00,21:58:00,22:07:00,22:16:00,22:25:00,22:34:00,22:43:00,22:52:00,23:01:00,23:11:00,23:21:00,23:31:00,23:42:00,23:54:40
죽전,B9,,2,5:53:00,6:07:45,6:18:45,6:29:45,6:39:45,6:49:45,6:59:45,7:09:45,7:19:45,7:29:45,7:37:45,7:45:45,7:52:45,7:58:45,8:04:45,8:10:45,8:16:45,8:21:45,8:26:45,8:31:45,8:36:45,8:41:45,8:46:45,8:51:45,8:56:45,9:01:45,9:06:45,9:11:45,9:16:45,9:21:45,9:27:45,9:33:45,9:39:45,9:46:45,9:53:45,10:00:45,10:07:45,10:14:45,10:21:45,10:28:45,10:35:45,10:42:45,10:49:45,10:57:45,11:05:45,11:13:45,11:21:45,11:29:45,11:37:45,11:45:45,11:53:45,12:01:45,12:09:45,12:17:45,12:25:45,12:33:45,12:41:45,12:49:45,12:57:45,13:05:45,13:13:45,13:21:45,13:29:45,13:37:45,13:45:45,13:53:45,14:01:45,14:09:45,14:17:45,14:25:45,14:33:45,14:41:45,14:49:45,14:57:45,15:05:45,15:13:45,15:21:45,15:29:45,15:37:45,15:45:45,15:53:45,16:01:45,16:09:45,16:17:45,16:25:45,16:33:45,16:40:45,16:47:45,16:54:45,17:01:45,17:08:45,17:15:45,17:22:45,17:29:45,17:36:45,17:42:45,17:48:45,17:53:45,17:58:45,18:03:45,18:08:45,18:13:45,18:18:45,18:23:45,18:28:45,18:33:45,18:38:45,18:43:45,18:48:45,18:53:45,18:58:45,19:03:45,19:08:45,19:13:45,19:18:45,19:24:45,19:31:45,19:38:45,19:45:45,19:52:45,19:59:45,20:07:45,20:15:45,20:23:45,20:31:45,20:39:45,20:47:45,20:55:45,21:03:45,21:11:45,21:19:45,21:27:45,21:35:45,21:43:45,21:51:45,21:59:45,22:08:45,22:17:45,22:26:45,22:35:45,22:44:45,22:53:45,23:02:45,23:12:45,23:22:45,23:32:45,23:43:45,23:56:25
용산,B8,,2,5:54:45,6:09:30,6:20:30,6:31:30,6:41:30,6:51:30,7:01:30,7:11:30,7:21:30,7:31:30,7:39:30,7:47:30,7:54:30,8:00:30,8:06:30,8:12:30,8:18:30,8:23:30,8:28:30,8:33:30,8:38:30,8:43:30,8:48:30,8:53:30,8:58:30,9:03:30,9:08:30,9:13:30,9:18:30,9:23:30,9:29:30,9:35:30,9:41:30,9:48:30,9:55:30,10:02:30,10:09:30,10:16:30,10:23:30,10:30:30,10:37:30,10:44:30,10:51:30,10:59:30,11:07:30,11:15:30,11:23:30,11:31:30,11:39:30,11:47:30,11:55:30,12:03:30,12:11:30,12:19:30,12:27:30,12:35:30,12:43:30,12:51:30,12:59:30,13:07:30,13:15:30,13:23:30,13:31:30,13:39:30,13:47:30,13:55:30,14:03:30,14:11:30,14:19:30,14:27:30,14:35:30,14:43:30,14:51:30,14:59:30,15:07:30,15:15:30,15:23:30,15:31:30,15:39:30,15:47:30,15:55:30,16:03:30,16:11:30,16:19:30,16:27:30,16:35:30,16:42:30,16:49:30,16:56:30,17:03:30,17:10:30,17:17:30,17:24:30,17:31:30,17:38:30,17:44:30,17:50:30,17:55:30,18:00:30,18:05:30,18:10:30,18:15:30,18:20:30,18:25:30,18:30:30,18:35:30,18:40:30,18:45:30,18:50:30,18:55:30,19:00:30,19:05:30,19:10:30,19:15:30,19:20:30,19:26:30,19:33:30,19:40:30,19:47:30,19:54:30,20:01:30,20:09:30,20:17:30,20:25:30,20:33:30,20:41:30,20:49:30,20:57:30,21:05:30,21:13:30,21:21:30,21:29:30,21:37:30,21:45:30,21:53:30,22:01:30,22:10:30,22:19:30,22:28:30,22:37:30,22:46:30,22:55:30,23:04:30,23:14:30,23:24:30,23:34:30,23:45:30,23:58:10
이곡,B7,,2,5:57:00,6:11:45,6:22:45,6:33:45,6:43:45,6:53:45,7:03:45,7:13:45,7:23:45,7:33:45,7:41:45,7:49:45,7:56:45,8:02:45,8:08:45,8:14:45,8:20:45,8:25:45,8:30:45,8:35:45,8:40:45,8:45:45,8:50:45,8:55:45,9:00:45,9:05:45,9:10:45,9:15:45,9:20:45,9:25:45,9:31:45,9:37:45,9:43:45,9:50:45,9:57:45,10:04:45,10:11:45,10:18:45,10:25:45,10:32:45,10:39:45,10:46:45,10:53:45,11:01:45,11:09:45,11:17:45,11:25:45,11:33:45,11:41:45,11:49:45,11:57:45,12:05:45,12:13:45,12:21:45,12:29:45,12:37:45,12:45:45,12:53:45,13:01:45,13:09:45,13:17:45,13:25:45,13:33:45,13:41:45,13:49:45,13:57:45,14:05:45,14:13:45,14:21:45,14:29:45,14:37:45,14:45:45,14:53:45,15:01:45,15:09:45,15:17:45,15:25:45,15:33:45,15:41:45,15:49:45,15:57:45,16:05:45,16:13:45,16:21:45,16:29:45,16:37:45,16:44:45,16:51:45,16:58:45,17:05:45,17:12:45,17:19:45,17:26:45,17:33:45,17:40:45,17:46:45,17:52:45,17:57:45,18:02:45,18:07:45,18:12:45,18:17:45,18:22:45,18:27:45,18:32:45,18:37:45,18:42:45,18:47:45,18:52:45,18:57:45,19:02:45,19:07:45,19:12:45,19:17:45,19:22:45,19:28:45,19:35:45,19:42:45,19:49:45,19:56:45,20:03:45,20:11:45,20:19:45,20:27:45,20:35:45,20:43:45,20:51:45,20:59:45,21:07:45,21:15:45,21:23:45,21:31:45,21:39:45,21:47:45,21:55:45,22:03:45,22:12:45,22:21:45,22:30:45,22:39:45,22:48:45,22:57:45,23:06:45,23:16:45,23:26:45,23:36:45,23:47:45,
성서산업단지,B6,,2,5:58:40,6:13:25,6:24:25,6:35:25,6:45:25,6:55:25,7:05:25,7:15:25,7:25:25,7:35:25,7:43:25,7:51:25,7:58:25,8:04:25,8:10:25,8:16:25,8:22:25,8:27:25,8:32:25,8:37:25,8:42:25,8:47:25,8:52:25,8:57:25,9:02:25,9:07:25,9:12:25,9:17:25,9:22:25,9:27:25,9:33:25,9:39:25,9:45:25,9:52:25,9:59:25,10:06:25,10:13:25,10:20:25,10:27:25,10:34:25,10:41:25,10:48:25,10:55:25,11:03:25,11:11:25,11:19:25,11:27:25,11:35:25,11:43:25,11:51:25,11:59:25,12:07:25,12:15:25,12:23:25,12:31:25,12:39:25,12:47:25,12:55:25,13:03:25,13:11:25,13:19:25,13:27:25,13:35:25,13:43:25,13:51:25,13:59:25,14:07:25,14:15:25,14:23:25,14:31:25,14:39:25,14:47:25,14:55:25,15:03:25,15:11:25,15:19:25,15:27:25,15:35:25,15:43:25,15:51:25,15:59:25,16:07:25,16:15:25,16:23:25,16:31:25,16:39:25,16:46:25,16:53:25,17:00:25,17:07:25,17:14:25,17:21:25,17:28:25,17:35:25,17:42:25,17:48:25,17:54:25,17:59:25,18:04:25,18:09:25,18:14:25,18:19:25,18:24:25,18:29:25,18:34:25,18:39:25,18:44:25,18:49:25,18:54:25,18:59:25,19:04:25,19:09:25,19:14:25,19:19:25,19:24:25,19:30:25,19:37:25,19:44:25,19:51:25,19:58:25,20:05:25,20:13:25,20:21:25,20:29:25,20:37:25,20:45:25,20:53:25,21:01:25,21:09:25,21:17:25,21:25:25,21:33:25,21:41:25,21:49:25,21:57:25,22:05:25,22:14:25,22:23:25,22:32:25,22:41:25,22:50:25,22:59:25,23:08:25,23:18:25,23:28:25,23:38:25,23:49:25,
계명대,B5,,2,6:00:45,6:15:30,6:26:30,6:37:30,6:47:30,6:57:30,7:07:30,7:17:30,7:27:30,7:37:30,7:45:30,7:53:30,8:00:30,8:06:30,8:12:30,8:18:30,8:24:30,8:29:30,8:34:30,8:39:30,8:44:30,8:49:30,8:54:30,8:59:30,9:04:30,9:09:30,9:14:30,9:19:30,9:24:30,9:29:30,9:35:30,9:41:30,9:47:30,9:54:30,10:01:30,10:08:30,10:15:30,10:22:30,10:29:30,10:36:30,10:43:30,10:50:30,10:57:30,11:05:30,11:13:30,11:21:30,11:29:30,11:37:30,11:45:30,11:53:30,12:01:30,12:09:30,12:17:30,12:25:30,12:33:30,12:41:30,12:49:30,12:57:30,13:05:30,13:13:30,13:21:30,13:29:30,13:37:30,13:45:30,13:53:30,14:01:30,14:09:30,14:17:30,14:25:30,14:33:30,14:41:30,14:49:30,14:57:30,15:05:30,15:13:30,15:21:30,15:29:30,15:37:30,15:45:30,15:53:30,16:01:30,16:09:30,16:17:30,16:25:30,16:33:30,16:41:30,16:48:30,16:55:30,17:02:30,17:09:30,17:16:30,17:23:30,17:30:30,17:37:30,17:44:30,17:50:30,17:56:30,18:01:30,18:06:30,18:11:30,18:16:30,18:21:30,18:26:30,18:31:30,18:36:30,18:41:30,18:46:30,18:51:30,18:56:30,19:01:30,19:06:30,19:11:30,19:16:30,19:21:30,19:26:30,19:32:30,19:39:30,19:46:30,19:53:30,20:00:30,20:07:30,20:15:30,20:23:30,20:31:30,20:39:30,20:47:30,20:55:30,21:03:30,21:11:30,21:19:30,21:27:30,21:35:30,21:43:30,21:51:30,21:59:30,22:07:30,22:16:30,22:25:30,22:34:30,22:43:30,22:52:30,23:01:30,23:10:30,23:20:30,23:30:30,23:40:30,23:51:30,
강창,B4,,2,6:02:45,6:17:30,6:28:30,6:39:30,6:49:30,6:59:30,7:09:30,7:19:30,7:29:30,7:39:30,7:47:30,7:55:30,8:02:30,8:08:30,8:14:30,8:20:30,8:26:30,8:31:30,8:36:30,8:41:30,8:46:30,8:51:30,8:56:30,9:01:30,9:06:30,9:11:30,9:16:30,9:21:30,9:26:30,9:31:30,9:37:30,9:43:30,9:49:30,9:56:30,10:03:30,10:10:30,10:17:30,10:24:30,10:31:30,10:38:30,10:45:30,10:52:30,10:59:30,11:07:30,11:15:30,11:23:30,11:31:30,11:39:30,11:47:30,11:55:30,12:03:30,12:11:30,12:19:30,12:27:30,12:35:30,12:43:30,12:51:30,12:59:30,13:07:30,13:15:30,13:23:30,13:31:30,13:39:30,13:47:30,13:55:30,14:03:30,14:11:30,14:19:30,14:27:30,14:35:30,14:43:30,14:51:30,14:59:30,15:07:30,15:15:30,15:23:30,15:31:30,15:39:30,15:47:30,15:55:30,16:03:30,16:11:30,16:19:30,16:27:30,16:35:30,16:43:30,16:50:30,16:57:30,17:04:30,17:11:30,17:18:30,17:25:30,17:32:30,17:39:30,17:46:30,17:52:30,17:58:30,18:03:30,18:08:30,18:13:30,18:18:30,18:23:30,18:28:30,18:33:30,18:38:30,18:43:30,18:48:30,18:53:30,18:58:30,19:03:30,19:08:30,19:13:30,19:18:30,19:23:30,19:28:30,19:34:30,19:41:30,19:48:30,19:55:30,20:02:30,20:09:30,20:17:30,20:25:30,20:33:30,20:41:30,20:49:30,20:57:30,21:05:30,21:13:30,21:21:30,21:29:30,21:37:30,21:45:30,21:53:30,22:01:30,22:09:30,22:18:30,22:27:30,22:36:30,22:45:30,22:54:30,23:03:30,23:12:30,23:22:30,23:32:30,23:42:30,23:53:30,
대실,B3,,2,6:04:50,6:19:35,6:30:35,6:41:35,6:51:35,7:01:35,7:11:35,7:21:35,7:31:35,7:41:35,7:49:35,7:57:35,8:04:35,8:10:35,8:16:35,8:22:35,8:28:35,8:33:35,8:38:35,8:43:35,8:48:35,8:53:35,8:58:35,9:03:35,9:08:35,9:13:35,9:18:35,9:23:35,9:28:35,9:33:35,9:39:35,9:45:35,9:51:35,9:58:35,10:05:35,10:12:35,10:19:35,10:26:35,10:33:35,10:40:35,10:47:35,10:54:35,11:01:35,11:09:35,11:17:35,11:25:35,11:33:35,11:41:35,11:49:35,11:57:35,12:05:35,12:13:35,12:21:35,12:29:35,12:37:35,12:45:35,12:53:35,13:01:35,13:09:35,13:17:35,13:25:35,13:33:35,13:41:35,13:49:35,13:57:35,14:05:35,14:13:35,14:21:35,14:29:35,14:37:35,14:45:35,14:53:35,15:01:35,15:09:35,15:17:35,15:25:35,15:33:35,15:41:35,15:49:35,15:57:35,16:05:35,16:13:35,16:21:35,16:29:35,16:37:35,16:45:35,16:52:35,16:59:35,17:06:35,17:13:35,17:20:35,17:27:35,17:34:35,17:41:35,17:48:35,17:54:35,18:00:35,18:05:35,18:10:35,18:15:35,18:20:35,18:25:35,18:30:35,18:35:35,18:40:35,18:45:35,18:50:35,18:55:35,19:00:35,19:05:35,19:10:35,19:15:35,19:20:35,19:25:35,19:30:35,19:36:35,19:43:35,19:50:35,19:57:35,20:04:35,20:11:35,20:19:35,20:27:35,20:35:35,20:43:35,20:51:35,20:59:35,21:07:35,21:15:35,21:23:35,21:31:35,21:39:35,21:47:35,21:55:35,22:03:35,22:11:35,22:20:35,22:29:35,22:38:35,22:47:35,22:56:35,23:05:35,23:14:35,23:24:35,23:34:35,23:44:35,23:55:35,
다사,B2,,3,6:06:50,6:21:35,6:32:35,6:43:35,6:53:35,7:03:35,7:13:35,7:23:35,7:33:35,7:43:35,7:51:35,7:59:35,8:06:35,8:12:35,8:18:35,8:24:35,8:30:35,8:35:35,8:40:35,8:45:35,8:50:35,8:55:35,9:00:35,9:05:35,9:10:35,9:15:35,9:20:35,9:25:35,9:30:35,9:35:35,9:41:35,9:47:35,9:53:35,10:00:35,10:07:35,10:14:35,10:21:35,10:28:35,10:35:35,10:42:35,10:49:35,10:56:35,11:03:35,11:11:35,11:19:35,11:27:35,11:35:35,11:43:35,11:51:35,11:59:35,12:07:35,12:15:35,12:23:35,12:31:35,12:39:35,12:47:35,12:55:35,13:03:35,13:11:35,13:19:35,13:27:35,13:35:35,13:43:35,13:51:35,13:59:35,14:07:35,14:15:35,14:23:35,14:31:35,14:39:35,14:47:35,14:55:35,15:03:35,15:11:35,15:19:35,15:27:35,15:35:35,15:43:35,15:51:35,15:59:35,16:07:35,16:15:35,16:23:35,16:31:35,16:39:35,16:47:35,16:54:35,17:01:35,17:08:35,17:15:35,17:22:35,17:29:35,17:36:35,17:43:35,17:50:35,17:56:35,18:02:35,18:07:35,18:12:35,18:17:35,18:22:35,18:27:35,18:32:35,18:37:35,18:42:35,18:47:35,18:52:35,18:57:35,19:02:35,19:07:35,19:12:35,19:17:35,19:22:35,19:27:35,19:32:35,19:38:35,19:45:35,19:52:35,19:59:35,20:06:35,20:13:35,20:21:35,20:29:35,20:37:35,20:45:35,20:53:35,21:01:35,21:09:35,21:17:35,21:25:35,21:33:35,21:41:35,21:49:35,21:57:35,22:05:35,22:13:35,22:22:35,22:31:35,22:40:35,22:49:35,22:58:35,23:07:35,23:16:35,23:26:35,23:36:35,23:46:35,23:57:35,
문양,B1,,,6:10:15,6:25:00,6:36:00,6:47:00,6:57:00,7:07:00,7:17:00,7:27:00,7:37:00,7:47:00,7:55:00,8:03:00,8:10:00,8:16:00,8:22:00,8:28:00,8:34:00,8:39:00,8:44:00,8:49:00,8:54:00,8:59:00,9:04:00,9:09:00,9:14:00,9:19:00,9:24:00,9:29:00,9:34:00,9:39:00,9:45:00,9:51:00,9:57:00,10:04:00,10:11:00,10:18:00,10:25:00,10:32:00,10:39:00,10:46:00,10:53:00,11:00:00,11:07:00,11:15:00,11:23:00,11:31:00,11:39:00,11:47:00,11:55:00,12:03:00,12:11:00,12:19:00,12:27:00,12:35:00,12:43:00,12:51:00,12:59:00,13:07:00,13:15:00,13:23:00,13:31:00,13:39:00,13:47:00,13:55:00,14:03:00,14:11:00,14:19:00,14:27:00,14:35:00,14:43:00,14:51:00,14:59:00,15:07:00,15:15:00,15:23:00,15:31:00,15:39:00,15:47:00,15:55:00,16:03:00,16:11:00,16:19:00,16:27:00,16:35:00,16:43:00,16:51:00,16:58:00,17:05:00,17:12:00,17:19:00,17:26:00,17:33:00,17:40:00,17:47:00,17:54:00,18:00:00,18:06:00,18:11:00,18:16:00,18:21:00,18:26:00,18:31:00,18:36:00,18:41:00,18:46:00,18:51:00,18:56:00,19:01:00,19:06:00,19:11:00,19:16:00,19:21:00,19:26:00,19:31:00,19:36:00,19:42:00,19:49:00,19:56:00,20:03:00,20:10:00,20:17:00,20:25:00,20:33:00,20:41:00,20:49:00,20:57:00,21:05:00,21:13:00,21:21:00,21:29:00,21:37:00,21:45:00,21:53:00,22:01:00,22:09:00,22:17:00,22:26:00,22:35:00,22:44:00,22:53:00,23:02:00,23:11:00,23:20:00,23:30:00,23:40:00,23:50:00,0:01:00,
