역명,환승,소요시간,1002,1004,1006,1008,1010,1012,1014,1016,1018,1020,1022,1024,1026,1028,1030,1032,1034,1036,1038,1040,1042,1044,1046,1048,1050,1052,1054,1056,1058,1060,1062,1064,1066,1068,1070,1072,1074,1076,1078,1080,1082,1084,1086,1088,1090,1092,1094,1096,1098,1100,1102,1104,1106,1108,1110,1112,1114,1116,1118,1120,1122,1124,1126,1128,1130,1132,1134,1136,1138,1140,1142,1144,1146,1148,1150,1152,1154,1156,1158,1160,1162,1164,1166,1168,1170,1172,1174,1176,1178,1180,1182,1184,1186,1188,1190,1192,1194,1196,1198,1200,1202,1204,1206,1208,1210,1212,1214,1216,1218,1220,1222,1224,1226,1228,1230,1232,1234,1236,1238,1240,1242,1244,1246,1248,1250,1252,1254,1256,1258,1260,1262,1264,1266,1268,1270,1272,1274,1276,1278,1280,1282,1284,1286,1288,1290,1292,1294,1296
하양,0,3,,,5:30:00,,5:51:00,,6:10:00,,6:27:00,,6:43:00,,6:57:00,,7:11:00,,7:22:00,,7:32:00,,7:42:00,,7:52:00,,8:02:00,,8:12:00,,8:22:00,,8:32:00,,8:42:00,,8:52:00,,9:03:00,,9:15:00,,9:29:00,,9:45:00,,10:01:00,,10:17:00,,10:33:00,,10:49:00,,11:05:00,,11:21:00,,11:37:00,,11:53:00,,12:09:00,,12:25:00,,12:41:00,,12:57:00,,13:13:00,,13:29:00,,13:45:00,,14:01:00,,14:17:00,,14:33:00,,14:49:00,,15:05:00,,15:21:00,,15:37:00,,15:53:00,,16:09:00,,16:25:00,,16:41:00,,16:55:00,,17:06:00,,17:16:00,,17:26:00,,17:36:00,,17:46:00,,17:56:00,,18:06:00,,18:16:00,,18:28:00,,18:43:00,,18:59:00,,19:15:00,,19:31:00,,19:47:00,,20:03:00,,20:19:00,,20:35:00,,20:51:00,,21:07:00,,21:23:00,,21:39:00,,21:55:00,,22:12:00,,22:33:00,22:45:00,22:57:30,23:11:20
부호,0,6,,,5:32:50,,5:53:50,,6:12:50,,6:29:50,,6:45:50,,6:59:50,,7:13:50,,7:24:50,,7:34:50,,7:44:50,,7:54:50,,8:04:50,,8:14:50,,8:24:50,,8:34:50,,8:44:50,,8:54:50,,9:05:50,,9:17:50,,9:31:50,,9:47:50,,10:03:50,,10:19:50,,10:35:50,,10:51:50,,11:07:50,,11:23:50,,11:39:50,,11:55:50,,12:11:50,,12:27:50,,12:43:50,,12:59:50,,13:15:50,,13:31:50,,13:47:50,,14:03:50,,14:19:50,,14:35:50,,14:51:50,,15:07:50,,15:23:50,,15:39:50,,15:55:50,,16:11:50,,16:27:50,,16:43:50,,16:57:50,,17:08:50,,17:18:50,,17:28:50,,17:38:50,,17:48:50,,17:58:50,,18:08:50,,18:18:50,,18:30:50,,18:45:50,,19:01:50,,19:17:50,,19:33:50,,19:49:50,,20:05:50,,20:21:50,,20:37:50,,20:53:50,,21:09:50,,21:25:50,,21:41:50,,21:57:50,,22:14:50,,22:35:50,22:47:50,23:00:20,23:14:10
대구한의대병원,0,3,,,5:39:15,,6:00:15,,6:19:15,,6:36:15,,6:52:15,,7:06:15,,7:20:15,,7:31:15,,7:41:15,,7:51:15,,8:01:15,,8:11:15,,8:21:15,,8:31:15,,8:41:15,,8:51:15,,9:01:15,,9:12:15,,9:24:15,,9:38:15,,9:54:15,,10:10:15,,10:26:15,,10:42:15,,10:58:15,,11:14:15,,11:30:15,,11:46:15,,12:02:15,,12:18:15,,12:34:15,,12:50:15,,13:06:15,,13:22:15,,13:38:15,,13:54:15,,14:10:15,,14:26:15,,14:42:15,,14:58:15,,15:14:15,,15:30:15,,15:46:15,,16:02:15,,16:18:15,,16:34:15,,16:50:15,,17:04:15,,17:15:15,,17:25:15,,17:35:15,,17:45:15,,17:55:15,,18:05:15,,18:15:15,,18:25:15,,18:37:15,,18:52:15,,19:08:15,,19:24:15,,19:40:15,,19:56:15,,20:12:15,,20:28:15,,20:44:15,,21:00:15,,21:16:15,,21:32:15,,21:48:15,,22:04:15,,22:21:15,,22:42:15,22:54:15,23:06:45,23:20:35
안심,0,2,,5:30:00,5:42:00,5:53:00,6:03:00,6:13:00,6:22:00,6:31:00,6:39:00,6:47:00,6:55:00,7:02:00,7:09:00,7:16:00,7:23:00,7:29:00,7:34:00,7:39:00,7:44:00,7:49:00,7:54:00,7:59:00,8:04:00,8:09:00,8:14:00,8:19:00,8:24:00,8:29:00,8:34:00,8:39:00,8:44:00,8:49:00,8:54:00,8:59:00,9:04:00,9:09:00,9:15:00,9:21:00,9:27:00,9:34:00,9:41:00,9:49:00,9:57:00,10:05:00,10:13:00,10:21:00,10:29:00,10:37:00,10:45:00,10:53:00,11:01:00,11:09:00,11:17:00,11:25:00,11:33:00,11:41:00,11:49:00,11:57:00,12:05:00,12:13:00,12:21:00,12:29:00,12:37:00,12:45:00,12:53:00,13:01:00,13:09:00,13:17:00,13:25:00,13:33:00,13:41:00,13:49:00,13:57:00,14:05:00,14:13:00,14:21:00,14:29:00,14:37:00,14:45:00,14:53:00,15:01:00,15:09:00,15:17:00,15:25:00,15:33:00,15:41:00,15:49:00,15:57:00,16:05:00,16:13:00,16:21:00,16:29:00,16:37:00,16:45:00,16:53:00,17:00:00,17:07:00,17:13:00,17:18:00,17:23:00,17:28:00,17:33:00,17:38:00,17:43:00,17:48:00,17:53:00,17:58:00,18:03:00,18:08:00,18:13:00,18:18:00,18:23:00,18:28:00,18:34:00,18:40:00,18:47:00,18:55:00,19:03:00,19:11:00,19:19:00,19:27:00,19:35:00,19:43:00,19:51:00,19:59:00,20:07:00,20:15:00,20:23:00,20:31:00,20:39:00,20:47:00,20:55:00,21:03:00,21:11:00,21:19:00,21:27:00,21:35:00,21:43:00,21:51:00,21:59:00,22:07:00,22:15:00,22:24:00,22:34:00,22:45:00,22:57:00,23:09:30,23:23:20
각산,0,2,,5:31:50,5:43:50,5:54:50,6:04:50,6:14:50,6:23:50,6:32:50,6:40:50,6:48:50,6:56:50,7:03:50,7:10:50,7:17:50,7:24:50,7:30:50,7:35:50,7:40:50,7:45:50,7:50:50,7:55:50,8:00:50,8:05:50,8:10:50,8:15:50,8:20:50,8:25:50,8:30:50,8:35:50,8:40:50,8:45:50,8:50:50,8:55:50,9:00:50,9:05:50,9:10:50,9:16:50,9:22:50,9:28:50,9:35:50,9:42:50,9:50:50,9:58:50,10:06:50,10:14:50,10:22:50,10:30:50,10:38:50,10:46:50,10:54:50,11:02:50,11:10:50,11:18:50,11:26:50,11:34:50,11:42:50,11:50:50,11:58:50,12:06:50,12:14:50,12:22:50,12:30:50,12:38:50,12:46:50,12:54:50,13:02:50,13:10:50,13:18:50,13:26:50,13:34:50,13:42:50,13:50:50,13:58:50,14:06:50,14:14:50,14:22:50,14:30:50,14:38:50,14:46:50,14:54:50,15:02:50,15:10:50,15:18:50,15:26:50,15:34:50,15:42:50,15:50:50,15:58:50,16:06:50,16:14:50,16:22:50,16:30:50,16:38:50,16:46:50,16:54:50,17:01:50,17:08:50,17:14:50,17:19:50,17:24:50,17:29:50,17:34:50,17:39:50,17:44:50,17:49:50,17:54:50,17:59:50,18:04:50,18:09:50,18:14:50,18:19:50,18:24:50,18:29:50,18:35:50,18:41:50,18:48:50,18:56:50,19:04:50,19:12:50,19:20:50,19:28:50,19:36:50,19:44:50,19:52:50,20:00:50,20:08:50,20:16:50,20:24:50,20:32:50,20:40:50,20:48:50,20:56:50,21:04:50,21:12:50,21:20:50,21:28:50,21:36:50,21:44:50,21:52:50,22:00:50,22:08:50,22:16:50,22:25:50,22:35:50,22:46:50,22:58:50,23:11:20,23:25:10
반야월,0,2,,5:33:35,5:45:35,5:56:35,6:06:35,6:16:35,6:25:35,6:34:35,6:42:35,6:50:35,6:58:35,7:05:35,7:12:35,7:19:35,7:26:35,7:32:35,7:37:35,7:42:35,7:47:35,7:52:35,7:57:35,8:02:35,8:07:35,8:12:35,8:17:35,8:22:35,8:27:35,8:32:35,8:37:35,8:42:35,8:47:35,8:52:35,8:57:35,9:02:35,9:07:35,9:12:35,9:18:35,9:24:35,9:30:35,9:37:35,9:44:35,9:52:35,10:00:35,10:08:35,10:16:35,10:24:35,10:32:35,10:40:35,10:48:35,10:56:35,11:04:35,11:12:35,11:20:35,11:28:35,11:36:35,11:44:35,11:52:35,12:00:35,12:08:35,12:16:35,12:24:35,12:32:35,12:40:35,12:48:35,12:56:35,13:04:35,13:12:35,13:20:35,13:28:35,13:36:35,13:44:35,13:52:35,14:00:35,14:08:35,14:16:35,14:24:35,14:32:35,14:40:35,14:48:35,14:56:35,15:04:35,15:12:35,15:20:35,15:28:35,15:36:35,15:44:35,15:52:35,16:00:35,16:08:35,16:16:35,16:24:35,16:32:35,16:40:35,16:48:35,16:56:35,17:03:35,17:10:35,17:16:35,17:21:35,17:26:35,17:31:35,17:36:35,17:41:35,17:46:35,17:51:35,17:56:35,18:01:35,18:06:35,18:11:35,18:16:35,18:21:35,18:26:35,18:31:35,18:37:35,18:43:35,18:50:35,18:58:35,19:06:35,19:14:35,19:22:35,19:30:35,19:38:35,19:46:35,19:54:35,20:02:35,20:10:35,20:18:35,20:26:35,20:34:35,20:42:35,20:50:35,20:58:35,21:06:35,21:14:35,21:22:35,21:30:35,21:38:35,21:46:35,21:54:35,22:02:35,22:10:35,22:18:35,22:27:35,22:37:35,22:48:35,23:00:35,23:13:05,23:26:55
신기,0,2,,5:35:25,5:47:25,5:58:25,6:08:25,6:18:25,6:27:25,6:36:25,6:44:25,6:52:25,7:00:25,7:07:25,7:14:25,7:21:25,7:28:25,7:34:25,7:39:25,7:44:25,7:49:25,7:54:25,7:59:25,8:04:25,8:09:25,8:14:25,8:19:25,8:24:25,8:29:25,8:34:25,8:39:25,8:44:25,8:49:25,8:54:25,8:59:25,9:04:25,9:09:25,9:14:25,9:20:25,9:26:25,9:32:25,9:39:25,9:46:25,9:54:25,10:02:25,10:10:25,10:18:25,10:26:25,10:34:25,10:42:25,10:50:25,10:58:25,11:06:25,11:14:25,11:22:25,11:30:25,11:38:25,11:46:25,11:54:25,12:02:25,12:10:25,12:18:25,12:26:25,12:34:25,12:42:25,12:50:25,12:58:25,13:06:25,13:14:25,13:22:25,13:30:25,13:38:25,13:46:25,13:54:25,14:02:25,14:10:25,14:18:25,14:26:25,14:34:25,14:42:25,14:50:25,14:58:25,15:06:25,15:14:25,15:22:25,15:30:25,15:38:25,15:46:25,15:54:25,16:02:25,16:10:25,16:18:25,16:26:25,16:34:25,16:42:25,16:50:25,16:58:25,17:05:25,17:12:25,17:18:25,17:23:25,17:28:25,17:33:25,17:38:25,17:43:25,17:48:25,17:53:25,17:58:25,18:03:25,18:08:25,18:13:25,18:18:25,18:23:25,18:28:25,18:33:25,18:39:25,18:45:25,18:52:25,19:00:25,19:08:25,19:16:25,19:24:25,19:32:25,19:40:25,19:48:25,19:56:25,20:04:25,20:12:25,20:20:25,20:28:25,20:36:25,20:44:25,20:52:25,21:00:25,21:08:25,21:16:25,21:24:25,21:32:25,21:40:25,21:48:25,21:56:25,22:04:25,22:12:25,22:20:25,22:29:25,22:39:25,22:50:25,23:02:25,23:14:55,23:28:45
율하,0,2,,5:37:15,5:49:15,6:00:15,6:10:15,6:20:15,6:29:15,6:38:15,6:46:15,6:54:15,7:02:15,7:09:15,7:16:15,7:23:15,7:30:15,7:36:15,7:41:15,7:46:15,7:51:15,7:56:15,8:01:15,8:06:15,8:11:15,8:16:15,8:21:15,8:26:15,8:31:15,8:36:15,8:41:15,8:46:15,8:51:15,8:56:15,9:01:15,9:06:15,9:11:15,9:16:15,9:22:15,9:28:15,9:34:15,9:41:15,9:48:15,9:56:15,10:04:15,10:12:15,10:20:15,10:28:15,10:36:15,10:44:15,10:52:15,11:00:15,11:08:15,11:16:15,11:24:15,11:32:15,11:40:15,11:48:15,11:56:15,12:04:15,12:12:15,12:20:15,12:28:15,12:36:15,12:44:15,12:52:15,13:00:15,13:08:15,13:16:15,13:24:15,13:32:15,13:40:15,13:48:15,13:56:15,14:04:15,14:12:15,14:20:15,14:28:15,14:36:15,14:44:15,14:52:15,15:00:15,15:08:15,15:16:15,15:24:15,15:32:15,15:40:15,15:48:15,15:56:15,16:04:15,16:12:15,16:20:15,16:28:15,16:36:15,16:44:15,16:52:15,17:00:15,17:07:15,17:14:15,17:20:15,17:25:15,17:30:15,17:35:15,17:40:15,17:45:15,17:50:15,17:55:15,18:00:15,18:05:15,18:10:15,18:15:15,18:20:15,18:25:15,18:30:15,18:35:15,18:41:15,18:47:15,18:54:15,19:02:15,19:10:15,19:18:15,19:26:15,19:34:15,19:42:15,19:50:15,19:58:15,20:06:15,20:14:15,20:22:15,20:30:15,20:38:15,20:46:15,20:54:15,21:02:15,21:10:15,21:18:15,21:26:15,21:34:15,21:42:15,21:50:15,21:58:15,22:06:15,22:14:15,22:22:15,22:31:15,22:41:15,22:52:15,23:04:15,23:16:45,23:30:35
용계,0,2,,5:39:20,5:51:20,6:02:20,6:12:20,6:22:20,6:31:20,6:40:20,6:48:20,6:56:20,7:04:20,7:11:20,7:18:20,7:25:20,7:32:20,7:38:20,7:43:20,7:48:20,7:53:20,7:58:20,8:03:20,8:08:20,8:13:20,8:18:20,8:23:20,8:28:20,8:33:20,8:38:20,8:43:20,8:48:20,8:53:20,8:58:20,9:03:20,9:08:20,9:13:20,9:18:20,9:24:20,9:30:20,9:36:20,9:43:20,9:50:20,9:58:20,10:06:20,10:14:20,10:22:20,10:30:20,10:38:20,10:46:20,10:54:20,11:02:20,11:10:20,11:18:20,11:26:20,11:34:20,11:42:20,11:50:20,11:58:20,12:06:20,12:14:20,12:22:20,12:30:20,12:38:20,12:46:20,12:54:20,13:02:20,13:10:20,13:18:20,13:26:20,13:34:20,13:42:20,13:50:20,13:58:20,14:06:20,14:14:20,14:22:20,14:30:20,14:38:20,14:46:20,14:54:20,15:02:20,15:10:20,15:18:20,15:26:20,15:34:20,15:42:20,15:50:20,15:58:20,16:06:20,16:14:20,16:22:20,16:30:20,16:38:20,16:46:20,16:54:20,17:02:20,17:09:20,17:16:20,17:22:20,17:27:20,17:32:20,17:37:20,17:42:20,17:47:20,17:52:20,17:57:20,18:02:20,18:07:20,18:12:20,18:17:20,18:22:20,18:27:20,18:32:20,18:37:20,18:43:20,18:49:20,18:56:20,19:04:20,19:12:20,19:20:20,19:28:20,19:36:20,19:44:20,19:52:20,20:00:20,20:08:20,20:16:20,20:24:20,20:32:20,20:40:20,20:48:20,20:56:20,21:04:20,21:12:20,21:20:20,21:28:20,21:36:20,21:44:20,21:52:20,22:00:20,22:08:20,22:16:20,22:24:20,22:33:20,22:43:20,22:54:20,23:06:20,23:18:50,23:32:40
방촌,0,2,5:30:00,5:41:10,5:53:10,6:04:10,6:14:10,6:24:10,6:33:10,6:42:10,6:50:10,6:58:10,7:06:10,7:13:10,7:20:10,7:27:10,7:34:10,7:40:10,7:45:10,7:50:10,7:55:10,8:00:10,8:05:10,8:10:10,8:15:10,8:20:10,8:25:10,8:30:10,8:35:10,8:40:10,8:45:10,8:50:10,8:55:10,9:00:10,9:05:10,9:10:10,9:15:10,9:20:10,9:26:10,9:32:10,9:38:10,9:45:10,9:52:10,10:00:10,10:08:10,10:16:10,10:24:10,10:32:10,10:40:10,10:48:10,10:56:10,11:04:10,11:12:10,11:20:10,11:28:10,11:36:10,11:44:10,11:52:10,12:00:10,12:08:10,12:16:10,12:24:10,12:32:10,12:40:10,12:48:10,12:56:10,13:04:10,13:12:10,13:20:10,13:28:10,13:36:10,13:44:10,13:52:10,14:00:10,14:08:10,14:16:10,14:24:10,14:32:10,14:40:10,14:48:10,14:56:10,15:04:10,15:12:10,15:20:10,15:28:10,15:36:10,15:44:10,15:52:10,16:00:10,16:08:10,16:16:10,16:24:10,16:32:10,16:40:10,16:48:10,16:56:10,17:04:10,17:11:10,17:18:10,17:24:10,17:29:10,17:34:10,17:39:10,17:44:10,17:49:10,17:54:10,17:59:10,18:04:10,18:09:10,18:14:10,18:19:10,18:24:10,18:29:10,18:34:10,18:39:10,18:45:10,18:51:10,18:58:10,19:06:10,19:14:10,19:22:10,19:30:10,19:38:10,19:46:10,19:54:10,20:02:10,20:10:10,20:18:10,20:26:10,20:34:10,20:42:10,20:50:10,20:58:10,21:06:10,21:14:10,21:22:10,21:30:10,21:38:10,21:46:10,21:54:10,22:02:10,22:10:10,22:18:10,22:26:10,22:35:10,22:45:10,22:56:10,23:08:10,23:20:40,23:34:30
해안,0,2,5:31:55,5:43:05,5:55:05,6:06:05,6:16:05,6:26:05,6:35:05,6:44:05,6:52:05,7:00:05,7:08:05,7:15:05,7:22:05,7:29:05,7:36:05,7:42:05,7:47:05,7:52:05,7:57:05,8:02:05,8:07:05,8:12:05,8:17:05,8:22:05,8:27:05,8:32:05,8:37:05,8:42:05,8:47:05,8:52:05,8:57:05,9:02:05,9:07:05,9:12:05,9:17:05,9:22:05,9:28:05,9:34:05,9:40:05,9:47:05,9:54:05,10:02:05,10:10:05,10:18:05,10:26:05,10:34:05,10:42:05,10:50:05,10:58:05,11:06:05,11:14:05,11:22:05,11:30:05,11:38:05,11:46:05,11:54:05,12:02:05,12:10:05,12:18:05,12:26:05,12:34:05,12:42:05,12:50:05,12:58:05,13:06:05,13:14:05,13:22:05,13:30:05,13:38:05,13:46:05,13:54:05,14:02:05,14:10:05,14:18:05,14:26:05,14:34:05,14:42:05,14:50:05,14:58:05,15:06:05,15:14:05,15:22:05,15:30:05,15:38:05,15:46:05,15:54:05,16:02:05,16:10:05,16:18:05,16:26:05,16:34:05,16:42:05,16:50:05,16:58:05,17:06:05,17:13:05,17:20:05,17:26:05,17:31:05,17:36:05,17:41:05,17:46:05,17:51:05,17:56:05,18:01:05,18:06:05,18:11:05,18:16:05,18:21:05,18:26:05,18:31:05,18:36:05,18:41:05,18:47:05,18:53:05,19:00:05,19:08:05,19:16:05,19:24:05,19:32:05,19:40:05,19:48:05,19:56:05,20:04:05,20:12:05,20:20:05,20:28:05,20:36:05,20:44:05,20:52:05,21:00:05,21:08:05,21:16:05,21:24:05,21:32:05,21:40:05,21:48:05,21:56:05,22:04:05,22:12:05,22:20:05,22:28:05,22:37:05,22:47:05,22:58:05,23:10:05,23:22:35,23:36:25
동촌,0,2,5:33:40,5:44:50,5:56:50,6:07:50,6:17:50,6:27:50,6:36:50,6:45:50,6:53:50,7:01:50,7:09:50,7:16:50,7:23:50,7:30:50,7:37:50,7:43:50,7:48:50,7:53:50,7:58:50,8:03:50,8:08:50,8:13:50,8:18:50,8:23:50,8:28:50,8:33:50,8:38:50,8:43:50,8:48:50,8:53:50,8:58:50,9:03:50,9:08:50,9:13:50,9:18:50,9:23:50,9:29:50,9:35:50,9:41:50,9:48:50,9:55:50,10:03:50,10:11:50,10:19:50,10:27:50,10:35:50,10:43:50,10:51:50,10:59:50,11:07:50,11:15:50,11:23:50,11:31:50,11:39:50,11:47:50,11:55:50,12:03:50,12:11:50,12:19:50,12:27:50,12:35:50,12:43:50,12:51:50,12:59:50,13:07:50,13:15:50,13:23:50,13:31:50,13:39:50,13:47:50,13:55:50,14:03:50,14:11:50,14:19:50,14:27:50,14:35:50,14:43:50,14:51:50,14:59:50,15:07:50,15:15:50,15:23:50,15:31:50,15:39:50,15:47:50,15:55:50,16:03:50,16:11:50,16:19:50,16:27:50,16:35:50,16:43:50,16:51:50,16:59:50,17:07:50,17:14:50,17:21:50,17:27:50,17:32:50,17:37:50,17:42:50,17:47:50,17:52:50,17:57:50,18:02:50,18:07:50,18:12:50,18:17:50,18:22:50,18:27:50,18:32:50,18:37:50,18:42:50,18:48:50,18:54:50,19:01:50,19:09:50,19:17:50,19:25:50,19:33:50,19:41:50,19:49:50,19:57:50,20:05:50,20:13:50,20:21:50,20:29:50,20:37:50,20:45:50,20:53:50,21:01:50,21:09:50,21:17:50,21:25:50,21:33:50,21:41:50,21:49:50,21:57:50,22:05:50,22:13:50,22:21:50,22:29:50,22:38:50,22:48:50,22:59:50,23:11:50,23:24:20,23:38:10
아양교,0,2,5:35:45,5:46:55,5:58:55,6:09:55,6:19:55,6:29:55,6:38:55,6:47:55,6:55:55,7:03:55,7:11:55,7:18:55,7:25:55,7:32:55,7:39:55,7:45:55,7:50:55,7:55:55,8:00:55,8:05:55,8:10:55,8:15:55,8:20:55,8:25:55,8:30:55,8:35:55,8:40:55,8:45:55,8:50:55,8:55:55,9:00:55,9:05:55,9:10:55,9:15:55,9:20:55,9:25:55,9:31:55,9:37:55,9:43:55,9:50:55,9:57:55,10:05:55,10:13:55,10:21:55,10:29:55,10:37:55,10:45:55,10:53:55,11:01:55,11:09:55,11:17:55,11:25:55,11:33:55,11:41:55,11:49:55,11:57:55,12:05:55,12:13:55,12:21:55,12:29:55,12:37:55,12:45:55,12:53:55,13:01:55,13:09:55,13:17:55,13:25:55,13:33:55,13:41:55,13:49:55,13:57:55,14:05:55,14:13:55,14:21:55,14:29:55,14:37:55,14:45:55,14:53:55,15:01:55,15:09:55,15:17:55,15:25:55,15:33:55,15:41:55,15:49:55,15:57:55,16:05:55,16:13:55,16:21:55,16:29:55,16:37:55,16:45:55,16:53:55,17:01:55,17:09:55,17:16:55,17:23:55,17:29:55,17:34:55,17:39:55,17:44:55,17:49:55,17:54:55,17:59:55,18:04:55,18:09:55,18:14:55,18:19:55,18:24:55,18:29:55,18:34:55,18:39:55,18:44:55,18:50:55,18:56:55,19:03:55,19:11:55,19:19:55,19:27:55,19:35:55,19:43:55,19:51:55,19:59:55,20:07:55,20:15:55,20:23:55,20:31:55,20:39:55,20:47:55,20:55:55,21:03:55,21:11:55,21:19:55,21:27:55,21:35:55,21:43:55,21:51:55,21:59:55,22:07:55,22:15:55,22:23:55,22:31:55,22:40:55,22:50:55,23:01:55,23:13:55,23:26:25,23:40:15
동구청,0,2,5:37:25,5:48:35,6:00:35,6:11:35,6:21:35,6:31:35,6:40:35,6:49:35,6:57:35,7:05:35,7:13:35,7:20:35,7:27:35,7:34:35,7:41:35,7:47:35,7:52:35,7:57:35,8:02:35,8:07:35,8:12:35,8:17:35,8:22:35,8:27:35,8:32:35,8:37:35,8:42:35,8:47:35,8:52:35,8:57:35,9:02:35,9:07:35,9:12:35,9:17:35,9:22:35,9:27:35,9:33:35,9:39:35,9:45:35,9:52:35,9:59:35,10:07:35,10:15:35,10:23:35,10:31:35,10:39:35,10:47:35,10:55:35,11:03:35,11:11:35,11:19:35,11:27:35,11:35:35,11:43:35,11:51:35,11:59:35,12:07:35,12:15:35,12:23:35,12:31:35,12:39:35,12:47:35,12:55:35,13:03:35,13:11:35,13:19:35,13:27:35,13:35:35,13:43:35,13:51:35,13:59:35,14:07:35,14:15:35,14:23:35,14:31:35,14:39:35,14:47:35,14:55:35,15:03:35,15:11:35,15:19:35,15:27:35,15:35:35,15:43:35,15:51:35,15:59:35,16:07:35,16:15:35,16:23:35,16:31:35,16:39:35,16:47:35,16:55:35,17:03:35,17:11:35,17:18:35,17:25:35,17:31:35,17:36:35,17:41:35,17:46:35,17:51:35,17:56:35,18:01:35,18:06:35,18:11:35,18:16:35,18:21:35,18:26:35,18:31:35,18:36:35,18:41:35,18:46:35,18:52:35,18:58:35,19:05:35,19:13:35,19:21:35,19:29:35,19:37:35,19:45:35,19:53:35,20:01:35,20:09:35,20:17:35,20:25:35,20:33:35,20:41:35,20:49:35,20:57:35,21:05:35,21:13:35,21:21:35,21:29:35,21:37:35,21:45:35,21:53:35,22:01:35,22:09:35,22:17:35,22:25:35,22:33:35,22:42:35,22:52:35,23:03:35,23:15:35,23:28:05,23:41:55
동대구역,0,2,5:39:00,5:50:10,6:02:10,6:13:10,6:23:10,6:33:10,6:42:10,6:51:10,6:59:10,7:07:10,7:15:10,7:22:10,7:29:10,7:36:10,7:43:10,7:49:10,7:54:10,7:59:10,8:04:10,8:09:10,8:14:10,8:19:10,8:24:10,8:29:10,8:34:10,8:39:10,8:44:10,8:49:10,8:54:10,8:59:10,9:04:10,9:09:10,9:14:10,9:19:10,9:24:10,9:29:10,9:35:10,9:41:10,9:47:10,9:54:10,10:01:10,10:09:10,10:17:10,10:25:10,10:33:10,10:41:10,10:49:10,10:57:10,11:05:10,11:13:10,11:21:10,11:29:10,11:37:10,11:45:10,11:53:10,12:01:10,12:09:10,12:17:10,12:25:10,12:33:10,12:41:10,12:49:10,12:57:10,13:05:10,13:13:10,13:21:10,13:29:10,13:37:10,13:45:10,13:53:10,14:01:10,14:09:10,14:17:10,14:25:10,14:33:10,14:41:10,14:49:10,14:57:10,15:05:10,15:13:10,15:21:10,15:29:10,15:37:10,15:45:10,15:53:10,16:01:10,16:09:10,16:17:10,16:25:10,16:33:10,16:41:10,16:49:10,16:57:10,17:05:10,17:13:10,17:20:10,17:27:10,17:33:10,17:38:10,17:43:10,17:48:10,17:53:10,17:58:10,18:03:10,18:08:10,18:13:10,18:18:10,18:23:10,18:28:10,18:33:10,18:38:10,18:43:10,18:48:10,18:54:10,19:00:10,19:07:10,19:15:10,19:23:10,19:31:10,19:39:10,19:47:10,19:55:10,20:03:10,20:11:10,20:19:10,20:27:10,20:35:10,20:43:10,20:51:10,20:59:10,21:07:10,21:15:10,21:23:10,21:31:10,21:39:10,21:47:10,21:55:10,22:03:10,22:11:10,22:19:10,22:27:10,22:35:10,22:44:10,22:54:10,23:05:10,23:17:10,23:29:40,23:43:30
신천,0,2,5:40:45,5:51:55,6:03:55,6:14:55,6:24:55,6:34:55,6:43:55,6:52:55,7:00:55,7:08:55,7:16:55,7:23:55,7:30:55,7:37:55,7:44:55,7:50:55,7:55:55,8:00:55,8:05:55,8:10:55,8:15:55,8:20:55,8:25:55,8:30:55,8:35:55,8:40:55,8:45:55,8:50:55,8:55:55,9:00:55,9:05:55,9:10:55,9:15:55,9:20:55,9:25:55,9:30:55,9:36:55,9:42:55,9:48:55,9:55:55,10:02:55,10:10:55,10:18:55,10:26:55,10:34:55,10:42:55,10:50:55,10:58:55,11:06:55,11:14:55,11:22:55,11:30:55,11:38:55,11:46:55,11:54:55,12:02:55,12:10:55,12:18:55,12:26:55,12:34:55,12:42:55,12:50:55,12:58:55,13:06:55,13:14:55,13:22:55,13:30:55,13:38:55,13:46:55,13:54:55,14:02:55,14:10:55,14:18:55,14:26:55,14:34:55,14:42:55,14:50:55,14:58:55,15:06:55,15:14:55,15:22:55,15:30:55,15:38:55,15:46:55,15:54:55,16:02:55,16:10:55,16:18:55,16:26:55,16:34:55,16:42:55,16:50:55,16:58:55,17:06:55,17:14:55,17:21:55,17:28:55,17:34:55,17:39:55,17:44:55,17:49:55,17:54:55,17:59:55,18:04:55,18:09:55,18:14:55,18:19:55,18:24:55,18:29:55,18:34:55,18:39:55,18:44:55,18:49:55,18:55:55,19:01:55,19:08:55,19:16:55,19:24:55,19:32:55,19:40:55,19:48:55,19:56:55,20:04:55,20:12:55,20:20:55,20:28:55,20:36:55,20:44:55,20:52:55,21:00:55,21:08:55,21:16:55,21:24:55,21:32:55,21:40:55,21:48:55,21:56:55,22:04:55,22:12:55,22:20:55,22:28:55,22:36:55,22:45:55,22:55:55,23:06:55,23:18:55,23:31:25,23:45:15
칠성시장,0,2,5:42:45,5:53:55,6:05:55,6:16:55,6:26:55,6:36:55,6:45:55,6:54:55,7:02:55,7:10:55,7:18:55,7:25:55,7:32:55,7:39:55,7:46:55,7:52:55,7:57:55,8:02:55,8:07:55,8:12:55,8:17:55,8:22:55,8:27:55,8:32:55,8:37:55,8:42:55,8:47:55,8:52:55,8:57:55,9:02:55,9:07:55,9:12:55,9:17:55,9:22:55,9:27:55,9:32:55,9:38:55,9:44:55,9:50:55,9:57:55,10:04:55,10:12:55,10:20:55,10:28:55,10:36:55,10:44:55,10:52:55,11:00:55,11:08:55,11:16:55,11:24:55,11:32:55,11:40:55,11:48:55,11:56:55,12:04:55,12:12:55,12:20:55,12:28:55,12:36:55,12:44:55,12:52:55,13:00:55,13:08:55,13:16:55,13:24:55,13:32:55,13:40:55,13:48:55,13:56:55,14:04:55,14:12:55,14:20:55,14:28:55,14:36:55,14:44:55,14:52:55,15:00:55,15:08:55,15:16:55,15:24:55,15:32:55,15:40:55,15:48:55,15:56:55,16:04:55,16:12:55,16:20:55,16:28:55,16:36:55,16:44:55,16:52:55,17:00:55,17:08:55,17:16:55,17:23:55,17:30:55,17:36:55,17:41:55,17:46:55,17:51:55,17:56:55,18:01:55,18:06:55,18:11:55,18:16:55,18:21:55,18:26:55,18:31:55,18:36:55,18:41:55,18:46:55,18:51:55,18:57:55,19:03:55,19:10:55,19:18:55,19:26:55,19:34:55,19:42:55,19:50:55,19:58:55,20:06:55,20:14:55,20:22:55,20:30:55,20:38:55,20:46:55,20:54:55,21:02:55,21:10:55,21:18:55,21:26:55,21:34:55,21:42:55,21:50:55,21:58:55,22:06:55,22:14:55,22:22:55,22:30:55,22:38:55,22:47:55,22:57:55,23:08:55,23:20:55,23:33:25,23:47:15
대구역,0,2,5:44:25,5:55:35,6:07:35,6:18:35,6:28:35,6:38:35,6:47:35,6:56:35,7:04:35,7:12:35,7:20:35,7:27:35,7:34:35,7:41:35,7:48:35,7:54:35,7:59:35,8:04:35,8:09:35,8:14:35,8:19:35,8:24:35,8:29:35,8:34:35,8:39:35,8:44:35,8:49:35,8:54:35,8:59:35,9:04:35,9:09:35,9:14:35,9:19:35,9:24:35,9:29:35,9:34:35,9:40:35,9:46:35,9:52:35,9:59:35,10:06:35,10:14:35,10:22:35,10:30:35,10:38:35,10:46:35,10:54:35,11:02:35,11:10:35,11:18:35,11:26:35,11:34:35,11:42:35,11:50:35,11:58:35,12:06:35,12:14:35,12:22:35,12:30:35,12:38:35,12:46:35,12:54:35,13:02:35,13:10:35,13:18:35,13:26:35,13:34:35,13:42:35,13:50:35,13:58:35,14:06:35,14:14:35,14:22:35,14:30:35,14:38:35,14:46:35,14:54:35,15:02:35,15:10:35,15:18:35,15:26:35,15:34:35,15:42:35,15:50:35,15:58:35,16:06:35,16:14:35,16:22:35,16:30:35,16:38:35,16:46:35,16:54:35,17:02:35,17:10:35,17:18:35,17:25:35,17:32:35,17:38:35,17:43:35,17:48:35,17:53:35,17:58:35,18:03:35,18:08:35,18:13:35,18:18:35,18:23:35,18:28:35,18:33:35,18:38:35,18:43:35,18:48:35,18:53:35,18:59:35,19:05:35,19:12:35,19:20:35,19:28:35,19:36:35,19:44:35,19:52:35,20:00:35,20:08:35,20:16:35,20:24:35,20:32:35,20:40:35,20:48:35,20:56:35,21:04:35,21:12:35,21:20:35,21:28:35,21:36:35,21:44:35,21:52:35,22:00:35,22:08:35,22:16:35,22:24:35,22:32:35,22:40:35,22:49:35,22:59:35,23:10:35,23:22:35,23:35:05,23:48:55
중앙로,0,2,5:46:10,5:57:20,6:09:20,6:20:20,6:30:20,6:40:20,6:49:20,6:58:20,7:06:20,7:14:20,7:22:20,7:29:20,7:36:20,7:43:20,7:50:20,7:56:20,8:01:20,8:06:20,8:11:20,8:16:20,8:21:20,8:26:20,8:31:20,8:36:20,8:41:20,8:46:20,8:51:20,8:56:20,9:01:20,9:06:20,9:11:20,9:16:20,9:21:20,9:26:20,9:31:20,9:36:20,9:42:20,9:48:20,9:54:20,10:01:20,10:08:20,10:16:20,10:24:20,10:32:20,10:40:20,10:48:20,10:56:20,11:04:20,11:12:20,11:20:20,11:28:20,11:36:20,11:44:20,11:52:20,12:00:20,12:08:20,12:16:20,12:24:20,12:32:20,12:40:20,12:48:20,12:56:20,13:04:20,13:12:20,13:20:20,13:28:20,13:36:20,13:44:20,13:52:20,14:00:20,14:08:20,14:16:20,14:24:20,14:32:20,14:40:20,14:48:20,14:56:20,15:04:20,15:12:20,15:20:20,15:28:20,15:36:20,15:44:20,15:52:20,16:00:20,16:08:20,16:16:20,16:24:20,16:32:20,16:40:20,16:48:20,16:56:20,17:04:20,17:12:20,17:20:20,17:27:20,17:34:20,17:40:20,17:45:20,17:50:20,17:55:20,18:00:20,18:05:20,18:10:20,18:15:20,18:20:20,18:25:20,18:30:20,18:35:20,18:40:20,18:45:20,18:50:20,18:55:20,19:01:20,19:07:20,19:14:20,19:22:20,19:30:20,19:38:20,19:46:20,19:54:20,20:02:20,20:10:20,20:18:20,20:26:20,20:34:20,20:42:20,20:50:20,20:58:20,21:06:20,21:14:20,21:22:20,21:30:20,21:38:20,21:46:20,21:54:20,22:02:20,22:10:20,22:18:20,22:26:20,22:34:20,22:42:20,22:51:20,23:01:20,23:12:20,23:24:20,23:36:50,23:50:40
반월당,1,2,5:47:45,5:58:55,6:10:55,6:21:55,6:31:55,6:41:55,6:50:55,6:59:55,7:07:55,7:15:55,7:23:55,7:30:55,7:37:55,7:44:55,7:51:55,7:57:55,8:02:55,8:07:55,8:12:55,8:17:55,8:22:55,8:27:55,8:32:55,8:37:55,8:42:55,8:47:55,8:52:55,8:57:55,9:02:55,9:07:55,9:12:55,9:17:55,9:22:55,9:27:55,9:32:55,9:37:55,9:43:55,9:49:55,9:55:55,10:02:55,10:09:55,10:17:55,10:25:55,10:33:55,10:41:55,10:49:55,10:57:55,11:05:55,11:13:55,11:21:55,11:29:55,11:37:55,11:45:55,11:53:55,12:01:55,12:09:55,12:17:55,12:25:55,12:33:55,12:41:55,12:49:55,12:57:55,13:05:55,13:13:55,13:21:55,13:29:55,13:37:55,13:45:55,13:53:55,14:01:55,14:09:55,14:17:55,14:25:55,14:33:55,14:41:55,14:49:55,14:57:55,15:05:55,15:13:55,15:21:55,15:29:55,15:37:55,15:45:55,15:53:55,16:01:55,16:09:55,16:17:55,16:25:55,16:33:55,16:41:55,16:49:55,16:57:55,17:05:55,17:13:55,17:21:55,17:28:55,17:35:55,17:41:55,17:46:55,17:51:55,17:56:55,18:01:55,18:06:55,18:11:55,18:16:55,18:21:55,18:26:55,18:31:55,18:36:55,18:41:55,18:46:55,18:51:55,18:56:55,19:02:55,19:08:55,19:15:55,19:23:55,19:31:55,19:39:55,19:47:55,19:55:55,20:03:55,20:11:55,20:19:55,20:27:55,20:35:55,20:43:55,20:51:55,20:59:55,21:07:55,21:15:55,21:23:55,21:31:55,21:39:55,21:47:55,21:55:55,22:03:55,22:11:55,22:19:55,22:27:55,22:35:55,22:43:55,22:52:55,23:02:55,23:13:55,23:25:55,23:38:25,23:52:15
명덕,1,2,5:49:20,6:00:30,6:12:30,6:23:30,6:33:30,6:43:30,6:52:30,7:01:30,7:09:30,7:17:30,7:25:30,7:32:30,7:39:30,7:46:30,7:53:30,7:59:30,8:04:30,8:09:30,8:14:30,8:19:30,8:24:30,8:29:30,8:34:30,8:39:30,8:44:30,8:49:30,8:54:30,8:59:30,9:04:30,9:09:30,9:14:30,9:19:30,9:24:30,9:29:30,9:34:30,9:39:30,9:45:30,9:51:30,9:57:30,10:04:30,10:11:30,10:19:30,10:27:30,10:35:30,10:43:30,10:51:30,10:59:30,11:07:30,11:15:30,11:23:30,11:31:30,11:39:30,11:47:30,11:55:30,12:03:30,12:11:30,12:19:30,12:27:30,12:35:30,12:43:30,12:51:30,12:59:30,13:07:30,13:15:30,13:23:30,13:31:30,13:39:30,13:47:30,13:55:30,14:03:30,14:11:30,14:19:30,14:27:30,14:35:30,14:43:30,14:51:30,14:59:30,15:07:30,15:15:30,15:23:30,15:31:30,15:39:30,15:47:30,15:55:30,16:03:30,16:11:30,16:19:30,16:27:30,16:35:30,16:43:30,16:51:30,16:59:30,17:07:30,17:15:30,17:23:30,17:30:30,17:37:30,17:43:30,17:48:30,17:53:30,17:58:30,18:03:30,18:08:30,18:13:30,18:18:30,18:23:30,18:28:30,18:33:30,18:38:30,18:43:30,18:48:30,18:53:30,18:58:30,19:04:30,19:10:30,19:17:30,19:25:30,19:33:30,19:41:30,19:49:30,19:57:30,20:05:30,20:13:30,20:21:30,20:29:30,20:37:30,20:45:30,20:53:30,21:01:30,21:09:30,21:17:30,21:25:30,21:33:30,21:41:30,21:49:30,21:57:30,22:05:30,22:13:30,22:21:30,22:29:30,22:37:30,22:45:30,22:54:30,23:04:30,23:15:30,23:27:30,23:40:00,23:53:50
교대,0,2,5:50:55,6:02:05,6:14:05,6:25:05,6:35:05,6:45:05,6:54:05,7:03:05,7:11:05,7:19:05,7:27:05,7:34:05,7:41:05,7:48:05,7:55:05,8:01:05,8:06:05,8:11:05,8:16:05,8:21:05,8:26:05,8:31:05,8:36:05,8:41:05,8:46:05,8:51:05,8:56:05,9:01:05,9:06:05,9:11:05,9:16:05,9:21:05,9:26:05,9:31:05,9:36:05,9:41:05,9:47:05,9:53:05,9:59:05,10:06:05,10:13:05,10:21:05,10:29:05,10:37:05,10:45:05,10:53:05,11:01:05,11:09:05,11:17:05,11:25:05,11:33:05,11:41:05,11:49:05,11:57:05,12:05:05,12:13:05,12:21:05,12:29:05,12:37:05,12:45:05,12:53:05,13:01:05,13:09:05,13:17:05,13:25:05,13:33:05,13:41:05,13:49:05,13:57:05,14:05:05,14:13:05,14:21:05,14:29:05,14:37:05,14:45:05,14:53:05,15:01:05,15:09:05,15:17:05,15:25:05,15:33:05,15:41:05,15:49:05,15:57:05,16:05:05,16:13:05,16:21:05,16:29:05,16:37:05,16:45:05,16:53:05,17:01:05,17:09:05,17:17:05,17:25:05,17:32:05,17:39:05,17:45:05,17:50:05,17:55:05,18:00:05,18:05:05,18:10:05,18:15:05,18:20:05,18:25:05,18:30:05,18:35:05,18:40:05,18:45:05,18:50:05,18:55:05,19:00:05,19:06:05,19:12:05,19:19:05,19:27:05,19:35:05,19:43:05,19:51:05,19:59:05,20:07:05,20:15:05,20:23:05,20:31:05,20:39:05,20:47:05,20:55:05,21:03:05,21:11:05,21:19:05,21:27:05,21:35:05,21:43:05,21:51:05,21:59:05,22:07:05,22:15:05,22:23:05,22:31:05,22:39:05,22:47:05,22:56:05,23:06:05,23:17:05,23:29:05,23:41:35,
영대병원,0,2,5:52:45,6:03:55,6:15:55,6:26:55,6:36:55,6:46:55,6:55:55,7:04:55,7:12:55,7:20:55,7:28:55,7:35:55,7:42:55,7:49:55,7:56:55,8:02:55,8:07:55,8:12:55,8:17:55,8:22:55,8:27:55,8:32:55,8:37:55,8:42:55,8:47:55,8:52:55,8:57:55,9:02:55,9:07:55,9:12:55,9:17:55,9:22:55,9:27:55,9:32:55,9:37:55,9:42:55,9:48:55,9:54:55,10:00:55,10:07:55,10:14:55,10:22:55,10:30:55,10:38:55,10:46:55,10:54:55,11:02:55,11:10:55,11:18:55,11:26:55,11:34:55,11:42:55,11:50:55,11:58:55,12:06:55,12:14:55,12:22:55,12:30:55,12:38:55,12:46:55,12:54:55,13:02:55,13:10:55,13:18:55,13:26:55,13:34:55,13:42:55,13:50:55,13:58:55,14:06:55,14:14:55,14:22:55,14:30:55,14:38:55,14:46:55,14:54:55,15:02:55,15:10:55,15:18:55,15:26:55,15:34:55,15:42:55,15:50:55,15:58:55,16:06:55,16:14:55,16:22:55,16:30:55,16:38:55,16:46:55,16:54:55,17:02:55,17:10:55,17:18:55,17:26:55,17:33:55,17:40:55,17:46:55,17:51:55,17:56:55,18:01:55,18:06:55,18:11:55,18:16:55,18:21:55,18:26:55,18:31:55,18:36:55,18:41:55,18:46:55,18:51:55,18:56:55,19:01:55,19:07:55,19:13:55,19:20:55,19:28:55,19:36:55,19:44:55,19:52:55,20:00:55,20:08:55,20:16:55,20:24:55,20:32:55,20:40:55,20:48:55,20:56:55,21:04:55,21:12:55,21:20:55,21:28:55,21:36:55,21:44:55,21:52:55,22:00:55,22:08:55,22:16:55,22:24:55,22:32:55,22:40:55,22:48:55,22:57:55,23:07:55,23:18:55,23:30:55,23:43:25,
현충로,0,2,5:54:20,6:05:30,6:17:30,6:28:30,6:38:30,6:48:30,6:57:30,7:06:30,7:14:30,7:22:30,7:30:30,7:37:30,7:44:30,7:51:30,7:58:30,8:04:30,8:09:30,8:14:30,8:19:30,8:24:30,8:29:30,8:34:30,8:39:30,8:44:30,8:49:30,8:54:30,8:59:30,9:04:30,9:09:30,9:14:30,9:19:30,9:24:30,9:29:30,9:34:30,9:39:30,9:44:30,9:50:30,9:56:30,10:02:30,10:09:30,10:16:30,10:24:30,10:32:30,10:40:30,10:48:30,10:56:30,11:04:30,11:12:30,11:20:30,11:28:30,11:36:30,11:44:30,11:52:30,12:00:30,12:08:30,12:16:30,12:24:30,12:32:30,12:40:30,12:48:30,12:56:30,13:04:30,13:12:30,13:20:30,13:28:30,13:36:30,13:44:30,13:52:30,14:00:30,14:08:30,14:16:30,14:24:30,14:32:30,14:40:30,14:48:30,14:56:30,15:04:30,15:12:30,15:20:30,15:28:30,15:36:30,15:44:30,15:52:30,16:00:30,16:08:30,16:16:30,16:24:30,16:32:30,16:40:30,16:48:30,16:56:30,17:04:30,17:12:30,17:20:30,17:28:30,17:35:30,17:42:30,17:48:30,17:53:30,17:58:30,18:03:30,18:08:30,18:13:30,18:18:30,18:23:30,18:28:30,18:33:30,18:38:30,18:43:30,18:48:30,18:53:30,18:58:30,19:03:30,19:09:30,19:15:30,19:22:30,19:30:30,19:38:30,19:46:30,19:54:30,20:02:30,20:10:30,20:18:30,20:26:30,20:34:30,20:42:30,20:50:30,20:58:30,21:06:30,21:14:30,21:22:30,21:30:30,21:38:30,21:46:30,21:54:30,22:02:30,22:10:30,22:18:30,22:26:30,22:34:30,22:42:30,22:50:30,22:59:30,23:09:30,23:20:30,23:32:30,23:45:00,
안지랑,0,2,5:56:05,6:07:15,6:19:15,6:30:15,6:40:15,6:50:15,6:59:15,7:08:15,7:16:15,7:24:15,7:32:15,7:39:15,7:46:15,7:53:15,8:00:15,8:06:15,8:11:15,8:16:15,8:21:15,8:26:15,8:31:15,8:36:15,8:41:15,8:46:15,8:51:15,8:56:15,9:01:15,9:06:15,9:11:15,9:16:15,9:21:15,9:26:15,9:31:15,9:36:15,9:41:15,9:46:15,9:52:15,9:58:15,10:04:15,10:11:15,10:18:15,10:26:15,10:34:15,10:42:15,10:50:15,10:58:15,11:06:15,11:14:15,11:22:15,11:30:15,11:38:15,11:46:15,11:54:15,12:02:15,12:10:15,12:18:15,12:26:15,12:34:15,12:42:15,12:50:15,12:58:15,13:06:15,13:14:15,13:22:15,13:30:15,13:38:15,13:46:15,13:54:15,14:02:15,14:10:15,14:18:15,14:26:15,14:34:15,14:42:15,14:50:15,14:58:15,15:06:15,15:14:15,15:22:15,15:30:15,15:38:15,15:46:15,15:54:15,16:02:15,16:10:15,16:18:15,16:26:15,16:34:15,16:42:15,16:50:15,16:58:15,17:06:15,17:14:15,17:22:15,17:30:15,17:37:15,17:44:15,17:50:15,17:55:15,18:00:15,18:05:15,18:10:15,18:15:15,18:20:15,18:25:15,18:30:15,18:35:15,18:40:15,18:45:15,18:50:15,18:55:15,19:00:15,19:05:15,19:11:15,19:17:15,19:24:15,19:32:15,19:40:15,19:48:15,19:56:15,20:04:15,20:12:15,20:20:15,20:28:15,20:36:15,20:44:15,20:52:15,21:00:15,21:08:15,21:16:15,21:24:15,21:32:15,21:40:15,21:48:15,21:56:15,22:04:15,22:12:15,22:20:15,22:28:15,22:36:15,22:44:15,22:52:15,23:01:15,23:11:15,23:22:15,23:34:15,23:46:45,
대명,0,2,5:57:40,6:08:50,6:20:50,6:31:50,6:41:50,6:51:50,7:00:50,7:09:50,7:17:50,7:25:50,7:33:50,7:40:50,7:47:50,7:54:50,8:01:50,8:07:50,8:12:50,8:17:50,8:22:50,8:27:50,8:32:50,8:37:50,8:42:50,8:47:50,8:52:50,8:57:50,9:02:50,9:07:50,9:12:50,9:17:50,9:22:50,9:27:50,9:32:50,9:37:50,9:42:50,9:47:50,9:53:50,9:59:50,10:05:50,10:12:50,10:19:50,10:27:50,10:35:50,10:43:50,10:51:50,10:59:50,11:07:50,11:15:50,11:23:50,11:31:50,11:39:50,11:47:50,11:55:50,12:03:50,12:11:50,12:19:50,12:27:50,12:35:50,12:43:50,12:51:50,12:59:50,13:07:50,13:15:50,13:23:50,13:31:50,13:39:50,13:47:50,13:55:50,14:03:50,14:11:50,14:19:50,14:27:50,14:35:50,14:43:50,14:51:50,14:59:50,15:07:50,15:15:50,15:23:50,15:31:50,15:39:50,15:47:50,15:55:50,16:03:50,16:11:50,16:19:50,16:27:50,16:35:50,16:43:50,16:51:50,16:59:50,17:07:50,17:15:50,17:23:50,17:31:50,17:38:50,17:45:50,17:51:50,17:56:50,18:01:50,18:06:50,18:11:50,18:16:50,18:21:50,18:26:50,18:31:50,18:36:50,18:41:50,18:46:50,18:51:50,18:56:50,19:01:50,19:06:50,19:12:50,19:18:50,19:25:50,19:33:50,19:41:50,19:49:50,19:57:50,20:05:50,20:13:50,20:21:50,20:29:50,20:37:50,20:45:50,20:53:50,21:01:50,21:09:50,21:17:50,21:25:50,21:33:50,21:41:50,21:49:50,21:57:50,22:05:50,22:13:50,22:21:50,22:29:50,22:37:50,22:45:50,22:53:50,23:02:50,23:12:50,23:23:50,23:35:50,23:48:20,
서부정류장,0,2,5:59:20,6:10:30,6:22:30,6:33:30,6:43:30,6:53:30,7:02:30,7:11:30,7:19:30,7:27:30,7:35:30,7:42:30,7:49:30,7:56:30,8:03:30,8:09:30,8:14:30,8:19:30,8:24:30,8:29:30,8:34:30,8:39:30,8:44:30,8:49:30,8:54:30,8:59:30,9:04:30,9:09:30,9:14:30,9:19:30,9:24:30,9:29:30,9:34:30,9:39:30,9:44:30,9:49:30,9:55:30,10:01:30,10:07:30,10:14:30,10:21:30,10:29:30,10:37:30,10:45:30,10:53:30,11:01:30,11:09:30,11:17:30,11:25:30,11:33:30,11:41:30,11:49:30,11:57:30,12:05:30,12:13:30,12:21:30,12:29:30,12:37:30,12:45:30,12:53:30,13:01:30,13:09:30,13:17:30,13:25:30,13:33:30,13:41:30,13:49:30,13:57:30,14:05:30,14:13:30,14:21:30,14:29:30,14:37:30,14:45:30,14:53:30,15:01:30,15:09:30,15:17:30,15:25:30,15:33:30,15:41:30,15:49:30,15:57:30,16:05:30,16:13:30,16:21:30,16:29:30,16:37:30,16:45:30,16:53:30,17:01:30,17:09:30,17:17:30,17:25:30,17:33:30,17:40:30,17:47:30,17:53:30,17:58:30,18:03:30,18:08:30,18:13:30,18:18:30,18:23:30,18:28:30,18:33:30,18:38:30,18:43:30,18:48:30,18:53:30,18:58:30,19:03:30,19:08:30,19:14:30,19:20:30,19:27:30,19:35:30,19:43:30,19:51:30,19:59:30,20:07:30,20:15:30,20:23:30,20:31:30,20:39:30,20:47:30,20:55:30,21:03:30,21:11:30,21:19:30,21:27:30,21:35:30,21:43:30,21:51:30,21:59:30,22:07:30,22:15:30,22:23:30,22:31:30,22:39:30,22:47:30,22:55:30,23:04:30,23:14:30,23:25:30,23:37:30,23:50:00,
송현,0,2,6:01:00,6:12:10,6:24:10,6:35:10,6:45:10,6:55:10,7:04:10,7:13:10,7:21:10,7:29:10,7:37:10,7:44:10,7:51:10,7:58:10,8:05:10,8:11:10,8:16:10,8:21:10,8:26:10,8:31:10,8:36:10,8:41:10,8:46:10,8:51:10,8:56:10,9:01:10,9:06:10,9:11:10,9:16:10,9:21:10,9:26:10,9:31:10,9:36:10,9:41:10,9:46:10,9:51:10,9:57:10,10:03:10,10:09:10,10:16:10,10:23:10,10:31:10,10:39:10,10:47:10,10:55:10,11:03:10,11:11:10,11:19:10,11:27:10,11:35:10,11:43:10,11:51:10,11:59:10,12:07:10,12:15:10,12:23:10,12:31:10,12:39:10,12:47:10,12:55:10,13:03:10,13:11:10,13:19:10,13:27:10,13:35:10,13:43:10,13:51:10,13:59:10,14:07:10,14:15:10,14:23:10,14:31:10,14:39:10,14:47:10,14:55:10,15:03:10,15:11:10,15:19:10,15:27:10,15:35:10,15:43:10,15:51:10,15:59:10,16:07:10,16:15:10,16:23:10,16:31:10,16:39:10,16:47:10,16:55:10,17:03:10,17:11:10,17:19:10,17:27:10,17:35:10,17:42:10,17:49:10,17:55:10,18:00:10,18:05:10,18:10:10,18:15:10,18:20:10,18:25:10,18:30:10,18:35:10,18:40:10,18:45:10,18:50:10,18:55:10,19:00:10,19:05:10,19:10:10,19:16:10,19:22:10,19:29:10,19:37:10,19:45:10,19:53:10,20:01:10,20:09:10,20:17:10,20:25:10,20:33:10,20:41:10,20:49:10,20:57:10,21:05:10,21:13:10,21:21:10,21:29:10,21:37:10,21:45:10,21:53:10,22:01:10,22:09:10,22:17:10,22:25:10,22:33:10,22:41:10,22:49:10,22:57:10,23:06:10,23:16:10,23:27:10,23:39:10,23:51:40,
월촌,0,2,6:02:45,6:13:55,6:25:55,6:36:55,6:46:55,6:56:55,7:05:55,7:14:55,7:22:55,7:30:55,7:38:55,7:45:55,7:52:55,7:59:55,8:06:55,8:12:55,8:17:55,8:22:55,8:27:55,8:32:55,8:37:55,8:42:55,8:47:55,8:52:55,8:57:55,9:02:55,9:07:55,9:12:55,9:17:55,9:22:55,9:27:55,9:32:55,9:37:55,9:42:55,9:47:55,9:52:55,9:58:55,10:04:55,10:10:55,10:17:55,10:24:55,10:32:55,10:40:55,10:48:55,10:56:55,11:04:55,11:12:55,11:20:55,11:28:55,11:36:55,11:44:55,11:52:55,12:00:55,12:08:55,12:16:55,12:24:55,12:32:55,12:40:55,12:48:55,12:56:55,13:04:55,13:12:55,13:20:55,13:28:55,13:36:55,13:44:55,13:52:55,14:00:55,14:08:55,14:16:55,14:24:55,14:32:55,14:40:55,14:48:55,14:56:55,15:04:55,15:12:55,15:20:55,15:28:55,15:36:55,15:44:55,15:52:55,16:00:55,16:08:55,16:16:55,16:24:55,16:32:55,16:40:55,16:48:55,16:56:55,17:04:55,17:12:55,17:20:55,17:28:55,17:36:55,17:43:55,17:50:55,17:56:55,18:01:55,18:06:55,18:11:55,18:16:55,18:21:55,18:26:55,18:31:55,18:36:55,18:41:55,18:46:55,18:51:55,18:56:55,19:01:55,19:06:55,19:11:55,19:17:55,19:23:55,19:30:55,19:38:55,19:46:55,19:54:55,20:02:55,20:10:55,20:18:55,20:26:55,20:34:55,20:42:55,20:50:55,20:58:55,21:06:55,21:14:55,21:22:55,21:30:55,21:38:55,21:46:55,21:54:55,22:02:55,22:10:55,22:18:55,22:26:55,22:34:55,22:42:55,22:50:55,22:58:55,23:07:55,23:17:55,23:28:55,23:40:55,23:53:25,
상인,0,2,6:04:30,6:15:40,6:27:40,6:38:40,6:48:40,6:58:40,7:07:40,7:16:40,7:24:40,7:32:40,7:40:40,7:47:40,7:54:40,8:01:40,8:08:40,8:14:40,8:19:40,8:24:40,8:29:40,8:34:40,8:39:40,8:44:40,8:49:40,8:54:40,8:59:40,9:04:40,9:09:40,9:14:40,9:19:40,9:24:40,9:29:40,9:34:40,9:39:40,9:44:40,9:49:40,9:54:40,10:00:40,10:06:40,10:12:40,10:19:40,10:26:40,10:34:40,10:42:40,10:50:40,10:58:40,11:06:40,11:14:40,11:22:40,11:30:40,11:38:40,11:46:40,11:54:40,12:02:40,12:10:40,12:18:40,12:26:40,12:34:40,12:42:40,12:50:40,12:58:40,13:06:40,13:14:40,13:22:40,13:30:40,13:38:40,13:46:40,13:54:40,14:02:40,14:10:40,14:18:40,14:26:40,14:34:40,14:42:40,14:50:40,14:58:40,15:06:40,15:14:40,15:22:40,15:30:40,15:38:40,15:46:40,15:54:40,16:02:40,16:10:40,16:18:40,16:26:40,16:34:40,16:42:40,16:50:40,16:58:40,17:06:40,17:14:40,17:22:40,17:30:40,17:38:40,17:45:40,17:52:40,17:58:40,18:03:40,18:08:40,18:13:40,18:18:40,18:23:40,18:28:40,18:33:40,18:38:40,18:43:40,18:48:40,18:53:40,18:58:40,19:03:40,19:08:40,19:13:40,19:19:40,19:25:40,19:32:40,19:40:40,19:48:40,19:56:40,20:04:40,20:12:40,20:20:40,20:28:40,20:36:40,20:44:40,20:52:40,21:00:40,21:08:40,21:16:40,21:24:40,21:32:40,21:40:40,21:48:40,21:56:40,22:04:40,22:12:40,22:20:40,22:28:40,22:36:40,22:44:40,22:52:40,23:00:40,23:09:40,23:19:40,23:30:40,23:42:40,23:55:10,
월배,0,2,6:06:05,6:17:15,6:29:15,6:40:15,6:50:15,7:00:15,7:09:15,7:18:15,7:26:15,7:34:15,7:42:15,7:49:15,7:56:15,8:03:15,8:10:15,8:16:15,8:21:15,8:26:15,8:31:15,8:36:15,8:41:15,8:46:15,8:51:15,8:56:15,9:01:15,9:06:15,9:11:15,9:16:15,9:21:15,9:26:15,9:31:15,9:36:15,9:41:15,9:46:15,9:51:15,9:56:15,10:02:15,10:08:15,10:14:15,10:21:15,10:28:15,10:36:15,10:44:15,10:52:15,11:00:15,11:08:15,11:16:15,11:24:15,11:32:15,11:40:15,11:48:15,11:56:15,12:04:15,12:12:15,12:20:15,12:28:15,12:36:15,12:44:15,12:52:15,13:00:15,13:08:15,13:16:15,13:24:15,13:32:15,13:40:15,13:48:15,13:56:15,14:04:15,14:12:15,14:20:15,14:28:15,14:36:15,14:44:15,14:52:15,15:00:15,15:08:15,15:16:15,15:24:15,15:32:15,15:40:15,15:48:15,15:56:15,16:04:15,16:12:15,16:20:15,16:28:15,16:36:15,16:44:15,16:52:15,17:00:15,17:08:15,17:16:15,17:24:15,17:32:15,17:40:15,17:47:15,17:54:15,18:00:15,18:05:15,18:10:15,18:15:15,18:20:15,18:25:15,18:30:15,18:35:15,18:40:15,18:45:15,18:50:15,18:55:15,19:00:15,19:05:15,19:10:15,19:15:15,19:21:15,19:27:15,19:34:15,19:42:15,19:50:15,19:58:15,20:06:15,20:14:15,20:22:15,20:30:15,20:38:15,20:46:15,20:54:15,21:02:15,21:10:15,21:18:15,21:26:15,21:34:15,21:42:15,21:50:15,21:58:15,22:06:15,22:14:15,22:22:15,22:30:15,22:38:15,22:46:15,22:54:15,23:02:15,23:11:15,23:21:15,23:32:15,23:44:15,23:56:45,
진천,0,2,6:07:40,6:18:50,6:30:50,6:41:50,6:51:50,7:01:50,7:10:50,7:19:50,7:27:50,7:35:50,7:43:50,7:50:50,7:57:50,8:04:50,8:11:50,8:17:50,8:22:50,8:27:50,8:32:50,8:37:50,8:42:50,8:47:50,8:52:50,8:57:50,9:02:50,9:07:50,9:12:50,9:17:50,9:22:50,9:27:50,9:32:50,9:37:50,9:42:50,9:47:50,9:52:50,9:57:50,10:03:50,10:09:50,10:15:50,10:22:50,10:29:50,10:37:50,10:45:50,10:53:50,11:01:50,11:09:50,11:17:50,11:25:50,11:33:50,11:41:50,11:49:50,11:57:50,12:05:50,12:13:50,12:21:50,12:29:50,12:37:50,12:45:50,12:53:50,13:01:50,13:09:50,13:17:50,13:25:50,13:33:50,13:41:50,13:49:50,13:57:50,14:05:50,14:13:50,14:21:50,14:29:50,14:37:50,14:45:50,14:53:50,15:01:50,15:09:50,15:17:50,15:25:50,15:33:50,15:41:50,15:49:50,15:57:50,16:05:50,16:13:50,16:21:50,16:29:50,16:37:50,16:45:50,16:53:50,17:01:50,17:09:50,17:17:50,17:25:50,17:33:50,17:41:50,17:48:50,17:55:50,18:01:50,18:06:50,18:11:50,18:16:50,18:21:50,18:26:50,18:31:50,18:36:50,18:41:50,18:46:50,18:51:50,18:56:50,19:01:50,19:06:50,19:11:50,19:16:50,19:22:50,19:28:50,19:35:50,19:43:50,19:51:50,19:59:50,20:07:50,20:15:50,20:23:50,20:31:50,20:39:50,20:47:50,20:55:50,21:03:50,21:11:50,21:19:50,21:27:50,21:35:50,21:43:50,21:51:50,21:59:50,22:07:50,22:15:50,22:23:50,22:31:50,22:39:50,22:47:50,22:55:50,23:03:50,23:12:50,23:22:50,23:33:50,23:45:50,23:58:20,
대곡,0,2,6:09:45,6:20:55,6:32:55,6:43:55,6:53:55,7:03:55,7:12:55,7:21:55,7:29:55,7:37:55,7:45:55,7:52:55,7:59:55,8:06:55,8:13:55,8:19:55,8:24:55,8:29:55,8:34:55,8:39:55,8:44:55,8:49:55,8:54:55,8:59:55,9:04:55,9:09:55,9:14:55,9:19:55,9:24:55,9:29:55,9:34:55,9:39:55,9:44:55,9:49:55,9:54:55,9:59:55,10:05:55,10:11:55,10:17:55,10:24:55,10:31:55,10:39:55,10:47:55,10:55:55,11:03:55,11:11:55,11:19:55,11:27:55,11:35:55,11:43:55,11:51:55,11:59:55,12:07:55,12:15:55,12:23:55,12:31:55,12:39:55,12:47:55,12:55:55,13:03:55,13:11:55,13:19:55,13:27:55,13:35:55,13:43:55,13:51:55,13:59:55,14:07:55,14:15:55,14:23:55,14:31:55,14:39:55,14:47:55,14:55:55,15:03:55,15:11:55,15:19:55,15:27:55,15:35:55,15:43:55,15:51:55,15:59:55,16:07:55,16:15:55,16:23:55,16:31:55,16:39:55,16:47:55,16:55:55,17:03:55,17:11:55,17:19:55,17:27:55,17:35:55,17:43:55,17:50:55,17:57:55,18:03:55,18:08:55,18:13:55,18:18:55,18:23:55,18:28:55,18:33:55,18:38:55,18:43:55,18:48:55,18:53:55,18:58:55,19:03:55,19:08:55,19:13:55,19:18:55,19:24:55,19:30:55,19:37:55,19:45:55,19:53:55,20:01:55,20:09:55,20:17:55,20:25:55,20:33:55,20:41:55,20:49:55,20:57:55,21:05:55,21:13:55,21:21:55,21:29:55,21:37:55,21:45:55,21:53:55,22:01:55,22:09:55,22:17:55,22:25:55,22:33:55,22:41:55,22:49:55,22:57:55,23:05:55,23:14:55,23:24:55,23:35:55,23:47:55,0:00:25,
화원,0,2,6:12:00,6:23:10,6:35:10,6:46:10,6:56:10,7:06:10,7:15:10,7:24:10,7:32:10,7:40:10,7:48:10,7:55:10,8:02:10,8:09:10,8:16:10,8:22:10,8:27:10,8:32:10,8:37:10,8:42:10,8:47:10,8:52:10,8:57:10,9:02:10,9:07:10,9:12:10,9:17:10,9:22:10,9:27:10,9:32:10,9:37:10,9:42:10,9:47:10,9:52:10,9:57:10,10:02:10,10:08:10,10:14:10,10:20:10,10:27:10,10:34:10,10:42:10,10:50:10,10:58:10,11:06:10,11:14:10,11:22:10,11:30:10,11:38:10,11:46:10,11:54:10,12:02:10,12:10:10,12:18:10,12:26:10,12:34:10,12:42:10,12:50:10,12:58:10,13:06:10,13:14:10,13:22:10,13:30:10,13:38:10,13:46:10,13:54:10,14:02:10,14:10:10,14:18:10,14:26:10,14:34:10,14:42:10,14:50:10,14:58:10,15:06:10,15:14:10,15:22:10,15:30:10,15:38:10,15:46:10,15:54:10,16:02:10,16:10:10,16:18:10,16:26:10,16:34:10,16:42:10,16:50:10,16:58:10,17:06:10,17:14:10,17:22:10,17:30:10,17:38:10,17:46:10,17:53:10,18:00:10,18:06:10,18:11:10,18:16:10,18:21:10,18:26:10,18:31:10,18:36:10,18:41:10,18:46:10,18:51:10,18:56:10,19:01:10,19:06:10,19:11:10,19:16:10,19:21:10,19:27:10,19:33:10,19:40:10,19:48:10,19:56:10,20:04:10,20:12:10,20:20:10,20:28:10,20:36:10,20:44:10,20:52:10,21:00:10,21:08:10,21:16:10,21:24:10,21:32:10,21:40:10,21:48:10,21:56:10,22:04:10,22:12:10,22:20:10,22:28:10,22:36:10,22:44:10,22:52:10,23:00:10,23:08:10,23:17:10,23:27:10,23:38:10,23:50:10,0:02:40,
설화명곡,0,,6:13:50,6:25:00,6:37:00,6:48:00,6:58:00,7:08:00,7:17:00,7:26:00,7:34:00,7:42:00,7:50:00,7:57:00,8:04:00,8:11:00,8:18:00,8:24:00,8:29:00,8:34:00,8:39:00,8:44:00,8:49:00,8:54:00,8:59:00,9:04:00,9:09:00,9:14:00,9:19:00,9:24:00,9:29:00,9:34:00,9:39:00,9:44:00,9:49:00,9:54:00,9:59:00,10:04:00,10:10:00,10:16:00,10:22:00,10:29:00,10:36:00,10:44:00,10:52:00,11:00:00,11:08:00,11:16:00,11:24:00,11:32:00,11:40:00,11:48:00,11:56:00,12:04:00,12:12:00,12:20:00,12:28:00,12:36:00,12:44:00,12:52:00,13:00:00,13:08:00,13:16:00,13:24:00,13:32:00,13:40:00,13:48:00,13:56:00,14:04:00,14:12:00,14:20:00,14:28:00,14:36:00,14:44:00,14:52:00,15:00:00,15:08:00,15:16:00,15:24:00,15:32:00,15:40:00,15:48:00,15:56:00,16:04:00,16:12:00,16:20:00,16:28:00,16:36:00,16:44:00,16:52:00,17:00:00,17:08:00,17:16:00,17:24:00,17:32:00,17:40:00,17:48:00,17:55:00,18:02:00,18:08:00,18:13:00,18:18:00,18:23:00,18:28:00,18:33:00,18:38:00,18:43:00,18:48:00,18:53:00,18:58:00,19:03:00,19:08:00,19:13:00,19:18:00,19:23:00,19:29:00,19:35:00,19:42:00,19:50:00,19:58:00,20:06:00,20:14:00,20:22:00,20:30:00,20:38:00,20:46:00,20:54:00,21:02:00,21:10:00,21:18:00,21:26:00,21:34:00,21:42:00,21:50:00,21:58:00,22:06:00,22:14:00,22:22:00,22:30:00,22:38:00,22:46:00,22:54:00,23:02:00,23:10:00,23:19:00,23:29:00,23:40:00,23:52:00,0:04:30,
